namaste_code,name
AYU,vyādhi-viniścayaḥ
DIS,vikāraḥ
A,dōṣavaiṣamyam
AA,vātavyādhiḥ
AAA,dōṣāvasthā
SR11,vātasañcayaḥ
SR12,vātavṛddhiḥ
SR10,vātaprakopaḥ
AAA-2.2,prāṇavātakōpaḥ
AAA-2.3,udānavātakōpaḥ
AAA-2.4,vyānavātakōpaḥ
AAA-2.5,samānavātakōpaḥ
AAA-2.6,apānavātakōpaḥ
SR13(AAA-3),vātaprasaraḥ
SR14,vātakṣayaḥ
AAB,nānātmajavātavikāraḥ
SQ00,atipralāpaḥ
SQ05(AAB-2),anavasthitacittatvam
AAB-3,aṅgamardaḥ
AAB-4,aṅgaśuṣkatā
SP21,aṅgavibhraṁśaḥ
AAB-6,arditaḥ
SM1P (AAB-7),arasajñatā
AAB-8,aśabdaśravaṇam
AAB-9,asvapnaḥ
AAB-10,akṣibhēdaḥ
AAB-11,akṣivyudāsaḥ
AAB-12,akṣiśūlaḥ
AAB-13,āṭōpaḥ
AAB-14,ākṣēpakaḥ
SK84 (AAB-15),uccaiḥśrutiḥ
AAB-16,udarāvēṣṭaḥ
AAB-17,udāvartaḥ
AAB-18,ūrustambhaḥ/āḍhyavātaḥ
AAB-19,ūrusādaḥ
AAB-20,ēkāṅgarōgaḥ
AAB-21,ōṣṭhabhēdaḥ
SL02 (AAB-22),kaṇṭhodhvaṃsaḥ
AAB-23,karṇaśūlaḥ
AAB-24,kampaḥ/vēpathuḥ
AAB-25,kaṣāyāsyatā
SP97,klamaḥ
SN41,kārṣṇyam
AAB-28,kubjatvam
SP61,kārśyam
SN4C,keśabhūmisphuṭanam
AAB-31,khañjaḥ/khañjatvam
AAB-32,garbhanāśaḥ
SP45,grīvāstambhaḥ
AAB-34,gudabhraṁśaḥ
SM50,gudārtiḥ
AAB-36,gulpha-grahaḥ
AAB-37,gr̥dhrasī
SK91,ghrāṇanāśaḥ
AAB-39(SP1Y),jānubhedaḥ
AAB-40,jānuviśleṣaḥ
SP95,jr̥mbhā
AAB-42(SP98),tamaḥ
AAB-43,timiraḥ
AAB-44,prasuptiḥ
AAB-45,todaḥ
AAB-46(SK30),daṇḍakaḥ
AAB-47,dantabhēdaḥ
AAB-48,dantaśaithilyam
SN60(AAB-49),nakhabhedaḥ
AAB-50(SN7Y),hrasvakeśaḥ
AAB-51,nirāmavātaḥ
AAB-52,pakṣāghātaḥ/pakṣavadhaḥ
AAB-53(SK21),pāṅgulyam
AAB-54(SK5Y),pādabhraṃśaḥ
AAB-55(SP4Y),pādaśūlaḥ
AAB-56(SP45),pādasuptatā
SN4R(AAB-57),pāruṣyam
AAB-58,pārśvāvamardaḥ
AAB-59(SP9Y),piṇḍikodveṣṭanam
AAB-60,purīṣātigāḍhatvam
SP42(AAB-61),pṛṣṭha-grahaḥ
AAB-62,pralāpakaḥ
AAB-63,bādhiryam
AAB-64(SP4Y),bāhuśoṣaḥ
AAB-65(SP9Y),balahāniḥ
AAB-66(SP9Y),bhedaḥ
AAB-67,nan
AAB-68(SM7Y),mala-apravṛtiḥ
AAB-69,mūkatvam
AAB-70,mōhaḥ
AAB-71,bhramaḥ
AAB-72(SK5Y),bhrūvyudāsaḥ
AAB-73,nan
SM1N(AAB-74),mukhaśoṣaḥ
SM81(AAB-75),mūtranigrahaḥ
AAB-76,rajōnāśaḥ
SN42(AAB-77),raukṣyam
AAB-78(SP9Y),lomaharṣaḥ
AAB-79(SK0Y),lalāṭabhedaḥ
AAB-80(SP1Y),trikagrahaḥ
AAB-81,vartmastambhaḥ
AAB-82(SK7Y),vartmasaṅkocaḥ
AAB-83(SP9Y),vakṣoparodhaḥ
AAB-84(SP9Y),vakṣastodaḥ
SK53(AAB-85),vāk-saṅgaḥ
AAB-86(SP9Y),vācālatā
AAB-87(SP1Y),"vātakhuḍḍatā,"
AAB-88(SP9Y),vāmanatvam
AAB-89(SM37),viḍ-bhedaḥ
AAB-90,vipādikā
AAB-91(SQ04),viṣādaḥ dīnatā
AAB-92(SN3Y),vṛṣaṇākṣepaḥ
AAB-93(SP4Y),vaṅkṣaṇānāhaḥ
AAB-94(SP9Y),vyathā
AAB-95(SL7Y),śirāsphūrtiḥ
AAB-96,śirōruk
SN03(AAB-97),śukrakṣayaḥ
AAB-98,śaṅkhabhēdaḥ
SN07(AAB-99),śephastambhaḥ
AAB-100(SP9Y),śaityam
AAB-101,śyāvāruṇāsyatā
AAB-102,śrōṇibhēdaḥ
AAB-103(SP9Y),saṅkocaḥ
AAB-104,svēdanāśaḥ
AAB-105(SP9Y),śramaḥ
AAB-106,sarvāṅgarōgaḥ/sarvāṅgavātaḥ
AAB-107(SK52),stambhaḥ
AAB-108(SP4Y),hanubhedaḥ
AAB-109,hikkā
SL62(AAB-110),hṛddravaḥ
SL60(AAB-111),hṛnmohaḥ
AAC,sāmānyajavātavikāraḥ
AAC-1(SK30),antarāyāmaḥ
AAC-2(SK30),apatantrakaḥ
AAC-2.1,asādhya-apatantrakaḥ
AAC-3(SK30),apatānakaḥ
SK20(AAC-4),arditaḥ
AAC-4.1,ardita-pūrvarupam
AAC-4.2,asādhya-arditaḥ
AAC-5(SP0Y),asthiprabhedaḥ
SP00(AAC-6),asthiśoṣaḥ
SN08(AAC-7),vātāṣṭhīlā
SP15(AAC-8),avabāhukaḥ
SK55(AAC-9),ūrustambhaḥ
AAC-9.1,ūrustambha-pūrvarūpam
AAC-9.2(SK55),asādhya-ūrustambhaḥ
AAC-10(SP2Y ),aṃsaśoṣaḥ
SK30(AAC-11),ākṣepakaḥ
SM31(AAC-12),ādhmānam
AAC-12.1(SM31),"pratyādhmānaḥ,"
AAC-13(SK30),bahirāyāmaḥ bāhyāyāmaḥ dhanuḥstambhaḥ
AAC-13.1(SK30),asādhyadhanuṣkaṃpa
SM75(AAC-14),ūrdhvavātaḥ
AAC-15(SK22),ekāṅgavātaḥ
AAC-16(SK5Y),kalāyakhañjaḥ
AAC-17(SP10),kroṣṭukaśīrṣaḥ
AAC-18(SK2Y),khañjaḥ khañjatvam
SP20(AAC-19),khallī
SP41(AAC-20),gṛdhrasī
AAC-20.1,vātikagr̥dhrasī
AAC-20.2,vātakaphaja-gr̥dhrasī
AAC-21(SK22),jihvāstambhaḥ
SM83(AAC-22),tūnī
AAC-239(SK30),daṇḍāpatānakaḥ
SK22(AAC-24),pakṣāghāta pakṣavadhaḥ
AAC-24.1,kaphānvitapakṣāghātaḥ
AAC-24.2,pittānvitapakṣāghātaḥ
AAC-24.3,bāla-pakṣāghātaḥ
AAC-25(SP9Y),pādadāhaḥ
AAC-26(SP9Y),pādaharṣaḥ
AAC-27(SM83),pratitūnī
AAC-28,pratyaṣṭhīlā
AAC-29,vraṇāyāmaḥ
SK21(AAC-30),paṅguḥ
SL21(AAC-31),minminaḥ
AAC-32,manyāstambhaḥ
SL07(AAC-33),mūkatvam
SP40(AAC-34),vātakaṇṭakam
SK51(AAC-35),viśvācī
SK52(AAC-36),kampaḥ
AAC-37,śirōgrahaḥ
AAC-38(SK22),sarvāṅgavātaḥ/ sarvāṅgarogaḥ
AAC-39(SL7Y),sirāgrahaḥ
AAC-40(SK5Y),hanugrahaḥ hanusraṃsa
SR20(AAD),āvaraṇa
AAD-1,anyōnyāvaraṇaḥ/paraspara-āvaraṇaḥ
AAD-1.1,prāṇāvr̥tavyānavātaḥ
AAD-1.2,vyānāvr̥taprāṇavātaḥ
AAD-1.3,prāṇāvr̥tasamānavātaḥ
AAD-1.4,samānāvr̥ta-apānavātaḥ
AAD-1.5,prāṇāvr̥ta-udānavātaḥ
AAD-1.6,udānāvr̥taprāṇavātaḥ
AAD-1.7,udānāvr̥ta-apānavātaḥ
AAD-1.8,apānāvr̥ta-udānavātaḥ
AAD-1.9,vyānāvr̥ta-apānavātaḥ
AAD-1.10,apānāvr̥ta-vyānavātaḥ
AAD-1.11,samānāvr̥ta-vyānavātaḥ
AAD-1.12,udānāvr̥tavyānavātaḥ
AAD-1.13,apānāvr̥tasamānavātaḥ
AAD-1.14,apānāvr̥ta-prāṇavātaḥ
AAD-1.15,prāṇāvr̥ta-apānavātaḥ
AAD-1.16,samānāvr̥taprāṇavātaḥ
AAD-1.17,samānāvr̥ta-udānavātaḥ
AAD-1.18,udānāvr̥tasamānavātaḥ
AAD-1.19,vyānāvr̥ta-udānavātaḥ
AAD-1.20,vyānāvr̥tasamānavātaḥ
AAD-2,dōṣāvr̥ta-vātaḥ
AAD-2.1(SR20),pittāvṛtavātaḥ
AAD-2.2(SR20),kaphāvṛtavātaḥ
AAD-2.3(SR20),pittāvṛtaprāṇavātaḥ
AAD-2.4(SR20),kaphāvṛtaprāṇavātaḥ
AAD-2.5(SR20),pittāvṛta-udānavātaḥ
AAD-2.6(SR20),kaphāvṛta-udānavātaḥ
AAD-2.7(SR20),pittāvṛta-samānavātaḥ
AAD-2.8(SR20),kaphāvṛtasamānavātaḥ
AAD-2.9(SR20),pittāvṛtavyānavātaḥ
AAD-2.10(SR20),kaphāvṛtavyānavātaḥ
AAD-2.11(SR20),pittāvṛta-apānavātaḥ
AAD-2.12(SR20),kaphāvṛta-apānavātaḥ
AAD-2.13,kaphapittāvr̥tavātaḥ
AAD-3,dhātvāvr̥tavātaḥ
AAD-3.1(SR20),raktāvṛtavātaḥ
AAD-3.2(SR20),māṃsāvṛtavātaḥ
AAD-3.3(SR20),medasāvṛtavātaḥ
AAD-3.4(SR20),asthyāvṛtavātaḥ
AAD-3.5(SR20),majjāvṛtavātaḥ
AAD-3.6(SR20),śukrāvṛtavātaḥ
AAD-3.7(SR20),sarvadhātvāvṛtavātaḥ
AAD-4(SR20),malāvṛtavātaḥ
AAD-4.1(SR20),mūtrāvṛtavātaḥ
AAD-4.2,varcasāvr̥tavātaḥ
AAD-5(SR20),annāvṛtavātaḥ
AAE,sthānaviśēṣa-kupitavātaḥ
AAE-1,kōṣṭhāśritavātakōpaḥ
AAE-2,sarvāṅgakupitavātaḥ
AAE-3,gudasthitavātaḥ
AAE-4,āmāśayagatavātaḥ
AAE-5,pakvāśayagatavātaḥ
AAE-6,śrōtrādīndriyagatavātaḥ
AAE-7,tvak^-gatavātaḥ
AAE-8,asr̥ggatavātaḥ/raktagatavāta
AAE-9,māṁsagatavātakōpa
AAE-10,mēdōgatavātaḥ
AAE-11,asthigatavātaḥ
AAE-12,majjāgatavātaḥ
AAE-13,śukragatavātaḥ
AAE-14,snāyugatavātaḥ
AAE-15,sirāgatavātaḥ
SP12(AAE-16),sandhigatavātaḥ
AAE-17,bastigata-pratilōmavātaḥ/bastigata-viguṇavātaḥ
AA-1,kr̥cchrasādhyavātavyādhiḥ
AA-2,asādhyavātavyādhiḥ
AA-3,vātavyādhi-upadravaḥ
AA-4,vātavyādhi^^ariṣṭa
AB,pittavikāraḥ
ABA,dōṣāvasthā
SR16(ABA-1),pittasañcayaḥ
SR17(ABA-2),pittavṛddhiḥ
SR15(ABA-2.1),pittaprakopaḥ
SR18(ABA-3),pittaprasaraḥ
SR19(ABA-4),pittakṣayaḥ
ABB,nānātmajapittavikāraḥ
ABB-1(SK7Y),akṣipākaḥ
SN44(ABB-2),aṅga-durgandhaḥ
ABB-3(SP9Y),aṅgāvadaraṇam
ABB-4,atisvēdaḥ
ABB-5(SM7Y),atṛptiḥ
ABB-6(SM7Y),antardāhaḥ
ABB-7(SM3Y),amlakaḥ
ABB-8(SP9Y),aṃsadāhaḥ
SM10(ABB-9),āsyavipākaḥ
ABB-10(SP9Y),ūṣmādhikyam
ABB-11(SP9Y),oṣaḥ
ABB-12,kakṣā
ABB-13,kāmalā
ABB-14,galapākaḥ
ABB-15,gudapākaḥ/gudakuṭṭanam
ABB-16,jīvādānaḥ
ABB-17(SP98),"tamapraveśaḥ, tamaḥ-atidarśanam"
ABB-18,tiktāsyatā
ABB-19,tr̥ṣṇādhikyam
ABB-20,tvagavadaraṇam
ABB-21(SP9Y),tvagdāhaḥ
ABB-22(SP9Y),davaḥ
ABB-23(SP9Y),davathuḥ
ABB-24(SP9Y),dāhaḥ
ABB-25(SP9Y),"dhūmakaḥ, dhūmodgāraḥ"
ABB-26,akālapalitaḥ
SM15(ABB-27),pūtimukhatā
ABB-28(SP9Y),ploṣaḥ
ABB-29(SP2Y),māṃsakledaḥ
ABB-30(SP9Y),māṃsadāhaḥ
SN00(ABB-31),meḍhrapākaḥ
ABB-32,raktakōṭhaḥ
ABB-33,raktavisphōṭaḥ
ABB-34,raktapittam
ABB-35(SN5Y),raktamaṇḍalam
ABB-36,lōhitagandhāsyatā
ABB-37(SP9Y),vidāhaḥ
ABB-38,śōṇitaklēdaḥ
ABB-39,haritanētraḥ
ABB-40,haritamūtraḥ
ABB-41,haritavarcaḥ
ABB-45(SN9Y),carmadaraṇam
ABC,sthānaviśēṣa-kupitapittam
ABC-1,raktasthitapittakōpaḥ
ABC-2,māṁsasthitakaphakōpaḥ
ABC-3,mēdasthitapittakōpaḥ
ABC-4,asthisthitapittakōpaḥ
ABC-5,majjāsthitapittakōpaḥ
ABC-6,śukrasthitapittakōpaḥ
ABC-7,tvaksthitapittakōpaḥ
ABC-8,snāyusthitapittakōpaḥ
ABC-9,kōṣṭhasthitapittakōpaḥ
ABC-10,sirāsthitapittakōpaḥ
AB-1,nirāmapittam
AB-2,sāmapittam
AB-3,pittarōga-ariṣṭaḥ
AC,ślēṣmavikāraḥ
ACA,dōṣāvasthā
SR1B(ACA-1),kaphasañcayaḥ
SR1C(ACA-2),kaphavṛddhiḥ
SR1A(ACA-2.1),kaphaprakopaḥ
SR1D(ACA-3),kaphaprasaraḥ
SR1E(ACA-4),kaphakṣayaḥ
ACB,nānātmaja-ślēṣmavikāraḥ
ACB-1,atisthaulyam
ACB-2(SM3B),apaktiḥ
SP96(ACB-3),ālasyam
ACB-4,udardaḥ
ACB-5,kaṭukāṅkṣā
ACB-6,uṣṇakāmitā
ACB-7(SR0Y),buddhimāndyam
ACB-8,acaitanyam
ACB-9,mūtrādhikyam
ACB-10,śukravr̥ddhiḥ/śukrādhikyam
ACB-11,śaityam-nānātmajaślēṣmavikāraḥ
ACB-12(SM1Y),"kaṇṭhopalepaḥ, mukhalepaḥ"
ACB-13,galagaṇḍaḥ
ACB-14(SP9Y),gurugātratā
ACB-15(SQ4Y),tandrā
ACB-16(SM7Y),tṛptiḥ
SL72(ACB-17),dhamanīpraticayaḥ
SQ40(ACB-18),nidrādhikyam
ACB-19,balāsakaḥ
ACB-20,malādhikyam
ACB-21(SM1Y),mukhamādhuryam
ACB-22,mukhasrāvaḥ/prasēkaḥ
ACB-23(SM3B),agnimāndyam
ACB-24(SM7Y),śleṣmodgiraṇam
ACB-25,śvētavarcastvam
ACB-26,śvētāvabhāsatā
ACB-27(SP9Y),staimityam
ACB-28(SL6Y),hṛdayopalepaḥ
ACB-29(SK5Y),ghargharavākyatā
ACC,sthānaviśēṣa-kupitakaphaḥ
ACC-1,tvak-sthitakaphakōpaḥ
ACC-2,raktasthitakaphakōpaḥ
ACC-3,māṁsasthitakaphakōpaḥ
ACC-4,mēdaḥsthitakaphakōpaḥ
ACC-5,asthisthitakaphakōpaḥ
ACC-6,majjāsthitakaphakōpaḥ
ACC-7,śukrasthitakaphakōpaḥ
ACC-8,sirāsthitakaphakōpaḥ
ACC-9,snāyusthitakaphakōpaḥ
ACC-10,kōṣṭhasthakaphakōpaḥ
AC-1,sāmakaphaḥ
AC-2,nirāmakaphaḥ
AC-3,vaikr̥takaphaḥ
AD,sānnipātikavikāraḥ
AD-1,vātapittōlbaṇa-mandakaphasannipātaḥ
AD-2,vātakaphōlbaṇa-hīnapittasannipātaḥ
AD-3,pittakaphōlbaṇa-hīnavātasannipātaḥ
AD-4,vātōlbaṇa-hīnakaphapittasannipātaḥ
AD-5,pittōlbaṇa-hīnakaphavātasannipātaḥ
AD-6,kaphōlbaṇa-hīnavātapittasannipātaḥ
AD-7,ślēṣmōlbaṇa-pittamadhya-hīnavātaḥ
AD-8,pittōlbaṇa-madhyakapha-hīnavātasannipātaḥ
AD-9,vātōlbaṇa-madhyakapha-hīnapittaḥ
AD-10,kaphōlbaṇa-vātamadhya-hīnapittaḥ
AD-11,vātōlbaṇa-pittamadhya-hīnakaphasannipātaḥ
AD-12,pittōlbaṇa-vātamadhya-hīnakaphasannipātaḥ
AD-13,samasannipātaḥ
SR40(B),dhātuvaiṣamyam
BA,rasavaiṣamyam
SR42(BA-1),rasakṣayaḥ
SR41(BA-2),rasavṛddhiḥ
BB,raktavaiṣamyam
SR44(BB-1),raktakṣayaḥ
SR43(BB-2),raktavṛddhiḥ
BB-3,nan
BB-4,nan
BB-5,nan
BB-6,nan
BC,nan
SR46(BC-1),māṃsakṣayaḥ
SR45(BC-2),māṃsavṛddhiḥ
BD,nan
SR48(BD-1),medaḥkṣayaḥ
SP62(BD-2),medovṛddhiḥ
BE,nan
SR4A(BE-1),asthikṣayaḥ
SR49(BE-2),asthivṛddhiḥ
BF,nan
SR4C(BF-1),majjākṣayaḥ
SR4B(BF-2),majjāvṛddhiḥ
BG,nan
SR4E(BG-1),śukrakṣayaḥ
SR4D(BG-2),śukravṛddhiḥ
BA-3,nan
SR4K(BA-3.1),ārtavakṣayaḥ
SR4J(BA-3.2),ārtavavṛddhiḥ
BA-4,nan
SN10(BA-4.1),stanyakṣayaḥ
SR4L(BA-4.2),stanyavṛddhiḥ
SP93(BH),ojovaiṣamyam
SR4F(BH-1),ojaḥkṣayaḥ
SR4H(BH-2),ojovisraṃsaḥ
SR4G(BH-3),ojovyāpat
SP5B (BI),rājayakṣmā
BI-1,nan
BI-2,nan
SN45(CC-2),svedavṛddhiḥ
BI-3,vēgarōdhaja-rājayakṣmā
BI-4,viṣamāśanaja-rājayakṣmā
BI-5,kṣayaja-rājayakṣmā
BI-6,vyavāyajanyarājayakṣmā
BI-7,śōṣajanyarājayakṣmā
BI-8,śōkajanyarājayakṣmā
BI-9,vārdhakyajanyarājayakṣmā/jarāśōṣaḥ
BI-10,vyāyāmajanyarājayakṣmā
BI-11,adhvajanya-rājayakṣmā/śōṣa
BI-12,vraṇajanyarājayakṣmā
BI-13,uraḥkṣatajanyarājayakṣmā
BI-14,vātikarājayakṣmā
BI-15,paittikarājayakṣmā
BI-16,kaphajarājayakṣmā
BI-17,yakṣmajajvaraḥ
BI-18,yakṣmajaśiraḥśūlaḥ
BI-19,asādhya-rājayakṣmā/asādhyaśōṣa
BI-20,cikitsya-rājayakṣmā
BI-21,rājayakṣmā-upadravaḥ
BI-22,yakṣmā-ariṣṭaḥ
BJ,atikārśyam
C,malavaiṣamyam
CA,mūtravaiṣamyam
SR83 (CA-1),mūtrakṣayaḥ
SR82(CA-2),mūtravṛddhiḥ
CB,nan
SR81,purīṣakṣayaḥ
SR80(CB-2),purīṣavṛddhiḥ
SR86(CB-3),sāmamalaḥ
CC,nan
SR85(CC-1),svedakṣayaḥ
CZ-1,nan
SS10(D),agnivaiṣamyam
SS15(DA),āmadoṣaḥ
DA-1,nan
DB,nan
DB-1,nan
SS13(DB-1.1),"mandāgniḥ,"
SS11(DB-2),viṣamāgniḥ
SS12(DB-3),tīkṣṇāgniḥ
SS14(DB-4),"atyagniḥ,"
SR5Z€,srotovaiṣamyam
EA,nan
SR57(EA-1),prāṇavahasrotoduṣṭiḥ
SM74(EA-2),hikkā
EA-2.1,nan
EA-2.2(SM74),mahatīhikkā
EA-2.3(SM74),gambhīrāhikkā
EA-2.4(SM74),"vyapetāhikkā,"
EA-2.5(SM74),kṣudrā hikkā
EA-2.6,annajāhikkā
EA-2.7,asādhya-hikkā
EA-2.8,hikkā-ariṣṭaḥ
SL41(EA-3),kāsaḥ
EA-3.1,kāsa-pūrvarūpam
EA-3.2,vātajakāsaḥ
EA-3.3,pittajakāsaḥ
EA-3.4,kaphajakāsaḥ
EA-3.5,kṣatajakāsaḥ
EA-3.6,kṣayajakāsaḥ
EA-3.7,kāsa-upadravaḥ
EA-3.8,kāsa-ariṣṭaḥ
SL42(EA-4),śvāsaḥ
EA-4.1,śvāsa-pūrvarūpam
EA-4.2,mahāśvāsaḥ
EA-4.3,ūrdhvaśvāsaḥ
EA-4.4,chinnaśvāsaḥ
SL40(EA-4.5),tamakaśvāsaḥ
EA-4.5.1(SL40),pratamakaśvāsaḥ
EA-4.5.2(SL40),santamakaśvāsaḥ
EA-4.6,nan
EA-4.7,nan
EA-4.8,nan
SL03(EA-5),svarabhedaḥ
EA-5.1,nan
EA-5.2,nan
EA-5.3,nan
EA-5.4,nan
EA-5.5,nan
EA-5.6,nan
EA-5.7,nan
EA-5.8,nan
EA-5.9,nan
EA-6,nan
EB,nan
SR59(EB-1),annavahasrotoduṣṭiḥ
SM37(EB-2),atisāraḥ
EB-2.1,atisāra-pūrvarūpam
EB-2.2,vātaja-atisāraḥ
EB-2.2.1,pakvavātikātisāraḥ
EB-2.3,pittaja-atisāraḥ
EB-2.4,kaphaja-atisāraḥ
EB-2.5,sānnipātaja-atisāraḥ
EB-2.6,bhayaja-atisāraḥ
EB-2.7,śōkaja-atisāraḥ
EB-2.8,āmātisāraḥ
EB-2.9,jvarātisāraḥ
EB-2.10,raktātisāraḥ
EB-2.11,kr̥cchrasādhya-atisāraḥ
EB-2.12,asādhya-atisāraḥ
EB-2.13,atisāramuktiḥ
EB-2.14,pakva-atisāraḥ
EB-2.15,dōṣavibandhaja-atisāraḥ
EB-2.16,snēhōlvaṇa-atisāraḥ
EB-2.17,atisāra-ariṣṭaḥ
SM3B(EB-3),ajīrṇam
EB-3.1,viṣṭabdhajanya-ajīrṇam/vātaja-ajīrṇam
EB-3.2,vidagdhajanya-ajīrṇam/pittaja-ajīrṇam
EB-3.3,āmaja-ajīrṇam/kaphaja-ajīrṇam
EB-3.4,rasaśēṣajanya-ajīrṇam
EB-3.5,dinapāki-ajīrṇam
EB-3.6,prativāsara-ajīrṇam
SM76(EB-3.7),visūcikā
EB-3.7.1,vātika-visūcikā
EB-3.7.2,paittika-visūcikā
EB-3.7.3,kaphaja-visūcikā
EB-3.7.4,asādhya-visūcikā
EB-3.7.5,visūcikā-upadravaḥ
EB-3.8(SM34),vilambikā
SM3C(EB-3.9),alasaka
EB-3.9.1,alasaka-pūrvarūpam
EB-3.9.2,daṇḍālasakaḥ
EB-3.9.3,vātika-alasakaḥ
EB-3.9.4,paittika-alasakaḥ
EB-3.9.5,kaphaja-alasakaḥ
EB-3.10,madyaja-ajīrṇam
EB-3.11,ajīrṇa-upadravaḥ
SM39(EB-4),amlapittam
EB-4.1(SM39),ūrdhvagata-amlapittam
EB-4.2(SM39),adhōga-amlapittam
EB-4.3,vātika-amlapittam
EB-4.4,kaphaja-amlapittam/ślēṣmapittam
EB-4.5,vātakapha-amlapittam
EB-4.6,kaphapaittika-amlapittam
AAC-12.2,āmaja-ānāhaḥ
AAC-12.3,purīṣaja-ānāhaḥ/purīṣa śūla/pakvāśayajānāhaḥ
SM71(EB-5),arocakaḥ
EB-5.1,vātaja-arōcakaḥ
EB-5.2,pittaja-arōcakaḥ
EB-5.3,kaphaja-arōcakaḥ
EB-5.4,sānnipātaja-arōcakaḥ
EB-5.5,āgantuja-arōcakaḥ
EB-5.6,śōkaja-arōcakaḥ
EB-5.7,bhayaja-arōcakaḥ
EB-5.8,krōdhaja-arōcakaḥ
EB-5.9,aśucigandhaja-arōcakaḥ/ahr̥dyagandhaja-arōcakaḥ
EB-5.10,rāgajanya-arōcakaḥ
EB-5.11,cintājanya-arōcakaḥ
EB-5.12,aśūcidarśanajaya-arōcakaḥ
EB-5.13,atilōbhajanya-arōcakaḥ
EB-5.14,dvēṣaja-arōcakaḥ
EB-5.15,cittaviparyayaja-arōcakaḥ/manassantāpaja-arōcakaḥ
EB-5.16,abhighātaja-arōcakaḥ
SM3L(EB-6),chardiḥ
EB-6.1,nan
SM3J(EB-6.2),vātaja-chardiḥ
EB-6.3,pittaja-chardiḥ
EB-6.4,kaphaja-chardiḥ
EB-6.5,sānnipātaja-chardiḥ
EB-6.6,āgantuja-chardiḥ
EB-6.6.1,bībhatsaja-chardiḥ/dviṣṭārthaja-chardiḥ
EB-6.6.2,dauhr̥daja-chardiḥ
EB-6.6.3,āmaja-chardiḥ
EB-6.6.4,asātmyaja-chardiḥ
EB-6.7,kr̥mija-chardiḥ
EB-6.8,asādhya-chardiḥ
EB-6.9,chardi-upadravāḥ
EB-6.10,chardi-ariṣṭaḥ
SM36(EB-7),grahaṇīl
EB-7.1,grahaṇī-pūrvarūpam
EB-7.2,vātajagrahaṇīdōṣaḥ
EB-7.3,pittajagrahaṇīdōṣaḥ
EB-7.4,kaphajagrahaṇīdōṣaḥ
EB-7.5,āmajagrahaṇīdōṣaḥ
EB-7.6,sānnipātajagrahaṇīdōṣaḥ
EB-7.7,saṁgrahagrahaṇī
EB-7.8,ghaṭīyantragrahaṇī
EB-7.9,nirāma-grahaṇī
SM3K(EB-8),gulmaḥ
EB-8.1,gulma-pūrvarūpam
EB-8.2,vātajagulmaḥ
EB-8.3,pittajagulmaḥ
EB-8.4,kaphajagulmaḥ
EB-8.5,raktajagulmaḥ
EB-8.6,sānnipātajagulmaḥ
EB-8.7,dvandvajagulmaḥ
EB-8.8,vidahyamānagulmaḥ
EB-8.9,apakvagulmaḥ
EB-8.10,pakvagulmaḥ
EB-8.11,asādhya-gulmaḥ
EB-8.12,antargulmaḥ
EB-8.13,bāhyagulmaḥ
EB-8.14,gulma-upadravaḥ
EB-8.15,gulma-ariṣṭaḥ
SM38(EB-9),pravāhikā
EB-9.1,vātika-pravāhikā
EB-9.2,paittika-pravāhikā
EB-9.3,kaphaja-pravāhikā
SM72(EB-9.4),raktaja-pravāhikā
SM33(EB-10),śūlaḥ
EB-10.1,vātajaśūlaḥ
EB-10.2,pittajaśūlaḥ
EB-10.3,kaphajaśūlaḥ
EB-10.4,sānnipātikaśūlaḥ
EB-10.5,āmaśūlaḥ
EB-10.6,kukṣiśūlaḥ
EB-10.7,dvandvajaśūlaḥ
SM3F(EB-10.8),vātapaittikaśūlaḥ
EB-10.9,nan
SM3D(EB-10.10),pariṇāmaśūlaḥ
EB-10.10.1,nan
EB-10.10.2,nan
EB-10.10.3,nan
SM3E(EB-10.11),annadravaśūlaḥ
EB-10.12,nan
EB-10.13,nan
EB-10.14,nan
SM70(EB-10.15),pārśvarujaḥ
EB-10.16,trikaśūlaḥ
EB-10.17,mūtraśūlaḥ
EB-10.18,purīṣaśūlaḥ
EB-10.19,avipākajaśūlaḥ
SM35(EB-11),udāvartaḥ
EB-11.1,udāvarta-pūrvarūpam
EB-11.2,vātanigrahaja-udāvartaḥ
EB-11.3,mūtrābhighātaja-udāvartaḥ
EB-11.4,purīṣābhighātaja-udāvartaḥ
EB-11.5,śukrābhighātaja-udāvartaḥ
EB-11.6,chardinigrahaja-udāvartaḥ
EB-11.7,kṣavathunigrahaja-udāvartaḥ
EB-11.8,jr̥mbhānigrahaja-udāvartaḥ
EB-11.9,aśrunigrahaja-udāvartaḥ
EB-11.10,udgāranigrahaja-udāvartaḥ
EB-11.11,kṣunninirōdhaja-udāvartaḥ
EB-11.12,tr̥ṣṇānirōdhaja-udāvartaḥ
EB-11.13,śvāsanirōdhaja-udāvartaḥ/śramaśvāsavēgarōdha-janyōdāvartaḥ
EB-11.14,nidrārōdhaja-udāvartaḥ
EB-11.15,kāsāvarōdhaja-udāvartaḥ
EB-11.16,śramaśvāsavēgarōdhaja-udāvartaḥ
EB-11.17,rūkṣādibhōjana-nimittōdāvartaḥ
EB-11.18,asādhya-udāvartaḥ
EB-11.19,udāvarta-upadravaḥ
SM51(EB-12),parikartikā
EB-13,nan
SR5A(EB-14),purīṣavahasrotoduṣṭiḥ
EC,nan
EC-1,nan
SL61(EC-2),hṛdrogaḥ
EC-2.1,vātajahr̥drōgaḥ
EC-2.2,pittajahr̥drōgaḥ
EC-2.3,kaphajahr̥drōgaḥ
EC-2.4,sānnipātajahr̥drōgaḥ
EC-2.5,kr̥mijahr̥drōgaḥ
EC-2.6,hr̥t-śūlaḥ
EC-2.7,hr̥drōga-upadravaḥ
SP51(EC-3),jvara
EC-3.1,nan
SP54(EC-3.2),vātikajvaraḥ
EC-3.2.1,nan
SP53(EC-3.3),paittikajvaraḥ
EC-3.3.1,paittikajvaraḥ-pūrvarūpam
SP52(EC-3.4),kaphajajvaraḥ
EC-3.4.1,nan
EC-3.5(SP5Y),kaphavātajajvaraḥ
EC-3.6(SP5Y),vātapittajajvaraḥ
EC-3.7(SP5Y),kaphapittajajvaraḥ
EC-3.8(SP5Y),sannipātajajvaraḥ
EC-3.8.1,vātōlbaṇasānnipātajvaraḥ
EC-3.8.2,pittōlbaṇasannipātajvaraḥ
EC-3.8.3,kaphōlbaṇa-sānnipātajvaraḥ
EC-3.8.4,vātapittōlbaṇa-sannipātajvaraḥ
EC-3.8.5,vātakaphōlbaṇa-sannipātajvaraḥ
EC-3.8.6,pittakaphōlbaṇa-sannipātajvaraḥ
EC-3.8.7,hīnavāta-madhyapitta-vr̥ddhakapha-sannipātajvaraḥ
EC-3.8.8,hīnavāta-madhyakapha-vr̥ddhapitta-sannipātajvaraḥ
EC-3.8.9,hīnapitta-madhyavāta-vr̥ddhakapha-sannipātajvaraḥ
EC-3.8.10,hīnapitta-madhyakapha-vr̥ddhavāta-sannipātajvaraḥ
EC-3.8.11,hīnakapha-madhyavāta-vr̥ddhapitta-sannipātajvaraḥ
EC-3.8.12,hīnakapha-madhyapitta-vr̥ddhavāta-sannipātajvaraḥ
EC-3.8.13,vātapittakaphavr̥ddha-sannipātajvaraḥ
EC-3.8.14,prōrṇunāva-sānnipātajajvaraḥ
EC-3.8.15,pralāpī-sānnipātajajvaraḥ
EC-3.8.16,antardāhi-sannipātajvaraḥ
EC-3.8.17,daṇḍapāta-sānnipātajajvaraḥ
EC-3.8.18,antaka-sannipātajvaraḥ
EC-3.8.19,ēṇīdāha-sānnipātajajvaraḥ
EC-3.8.20,hāridra-sannipātajvaraḥ
EC-3.8.21,ajaghōṣa-sānnipātajajvaraḥ
EC-3.8.22,bhūtahāsa-sānnipātajajvaraḥ
EC-3.8.23,yantrapīḍā-sānnipātajajvaraḥ
EC-3.8.24,saṁśōṣī-sannipātajvaraḥ
EC-3.8.25,śītāṅga-sānnipātajajvaraḥ
EC-3.8.26,tandrika-sānnipātajajvaraḥ
EC-3.8.27,pralāpaka-sānnipātajajvaraḥ
EC-3.8.28,raktaṣṭhīvī-sānnipātajajvaraḥ
EC-3.8.29,abhinyāsa-sānnipātajajvaraḥ
EC-3.8.30,jihvaka-sānnipātajajvaraḥ
EC-3.8.31,sandhiga-sannipātajvaraḥ
EC-3.8.32,rugdāha-sānnipātajajvaraḥ
EC-3.8.33,cittavibhrama-sānnipātajajvaraḥ
EC-3.8.34,karṇika-sannipātajvaraḥ
EC-3.8.35,kaṇṭhakubja-sannipātajvaraḥ
EC-3.8.36,bhugnanētra-sānnipātajajvaraḥ
EC-3.8.37,kumbhīpāka-sānnipātajajvaraḥ
EC-3.8.38,asādhya-sānnipātajvaraḥ
EC-3.8.39,hataujaḥ
EC-3.8.40,saṁnyāsa-sannipātajajvaraḥ
EC-3.8.41,samasannipātajvaraḥ
EC-3.8.42,viṣamasannipātajvaraḥ
EC-3.8.43,sannipāta-jvarōpadravaḥ
SP59(EC-3.9),āgantujvaraḥ
EC-3.9.1,ābhighātajajvaraḥ
EC-3.9.1.1,śramajanyajvaraḥ
EC-3.9.1.2,chēdajanyajvaraḥ
EC-3.9.1.3,kṣatajanyajvaraḥ
EC-3.9.1.4,dāhajanyajvaraḥ
EC-3.9.2,abhicāraja-jvaraḥ
EC-3.9.3,abhiśapajanyajvaraḥ
EC-3.9.4,abhiṣaṅgaja-jvaraḥ
EC-3.9.4.1,grahāvēśajanyajvaraḥ
EC-3.9.4.2,kāmajajvaraḥ
EC-3.9.4.3,bhayajajvaraḥ
EC-3.9.4.4,śōkajajvaraḥ
EC-3.9.4.5,krōdhajajvaraḥ
EC-3.9.4.6,viṣajajvaraḥ
EC-3.9.4.7,auṣadhigandhajajvaraḥ
EC-3.9.4.8,bhūtābhiṣaṅgajvara
SP57(EC-3.10),viṣamajvaraḥ
EC-3.10.1(SP57),satata-viṣamajvaraḥ
SP58(EC-3.10.2),santata
EC-3.10.3(SP57),anyedyuṣka-viṣamajvaraḥ
EC-3.10.4(SP57),tṛtīyaka-viṣamajvaraḥ
EC-3.10.4.1(SP57),kaphapittatṛtīyakajvaraḥ
EC-3.10.4.2(SP57),vātakaphatṛtīyakajvaraḥ
EC-3.10.4.3(SP57),vātapittatṛtīyakajvaraḥ
EC-3.10.5(SP57),caturthaka-viṣamajvaraḥ
EC-3.10.5.1(SP57),vātajacaturthakajvaraḥ
EC-3.10.5.2,nan
EC-3.10.5.3(SP57),kaphajacaturthakajvaraḥ
EC-3.10.6(SP57),caturthakaviparyaya-viṣamajvaraḥ
EC-3.11(SP57),dhātugatajvaraḥ
EC-3.11.1,rasa-dhātugatajvaraḥ
EC-3.11.2,rakta-dhātugatajvaraḥ
EC-3.11.3,māṁsa-dhātugatajvaraḥ
EC-3.11.4,mēda-dhātugatajvaraḥ
EC-3.11.5,asthi-dhātugatajvaraḥ
EC-3.11.6,majjā-dhātugatajvaraḥ
EC-3.11.7,śukra-dhātugatajvaraḥ
EC-3.12,āmajajvaraḥ
EC-3.13,pacyamānajvaraḥ
EC-3.14,nirāmajvaraḥ
EC-3.15,antarvēgajvaraḥ
EC-3.16,bahirvēgajvaraḥ
EC-3.17,bāhyajvaraḥ
EC-3.18,antarāśrayajvaraḥ
EC-3.19,gaṁbhīrajvaraḥ
EC-3.20,vātabalāsajvaraḥ
EC-3.21,punarāvartaka-jvaraḥ
EC-3.22,śvasanaka-jvaraḥ
EC-3.23,śītādi-jvaraḥ
EC-3.24,saumya-jvaraḥ
EC-3.25,asādhya-jvaraḥ
EC-3.26,kōpajajvaraḥ
EC-3.27,jvara-ariṣṭaḥ
SN11(EC-4),stanyaduṣṭiḥ
EC-4.1,vātajakṣīradōṣaḥ
EC-4.1.1,vairasya-kṣīradōṣaḥ
EC-4.1.2,phēnila-kṣīradōṣaḥ
EC-4.1.3,rūkṣa-kṣīradōṣaḥ
EC-4.2,pittajakṣīradōṣaḥ
EC-4.2.1,vaivarṇya-kṣīradōṣaḥ
EC-4.2.2,daurgandhya-kṣīradōṣaḥ
EC-4.3,kaphajakṣīradōṣaḥ
EC-4.3.1,snigdha-kṣīradōṣaḥ
EC-4.3.2,paicchilya-kṣīradōṣaḥ
EC-4.3.3,gaurava-kṣīradōṣaḥ
EC-4.4,sānnipātajakṣīradōṣaḥ
SR5D(EC-4.5),stanyavahasrotoduṣṭiḥ
SL80(EC-5),pāṇḍurogaḥ
EC-5.1,pāṇḍu-pūrvarūpam
EC-5.2,vātajapāṇḍurōgaḥ
EC-5.3,pittajapāṇḍurōgaḥ
EC-5.4,kaphajapāṇḍurōgaḥ
EC-5.5,sannipātajapāṇḍurōgaḥ
EC-5.6,mr̥dbhakṣaṇajanya pāṇḍurōgaḥ/kr̥mijapāṇḍurōgaḥ
EC-5.7,pānakī
EC-5.8,asādhya-pāṇḍurōgaḥ
EC-5.9,pāṇḍu-upadravaḥ
EC-5.10,pāṇḍu-ariṣṭaḥ
SP11(EC-6),āmavātaḥ
EC-6.1,vātika-āmavātaḥ
EC-6.2,paittika-āmavātaḥ
EC-6.3,kaphaja-āmavātaḥ
EC-6.4,ativr̥ddha-āmavātaḥ
EC-7,aruciḥ
EC-8,kēśarōgaḥ
ED,raktavahasrōtōvikāraḥ
SR51(ED-1),raktavahasrotoduṣṭiḥ
ED-2,nan
ED-2.1,nan
SP99(ED-2.2),kaṇḍūḥ
ED-2.3,krōdhapracuratā
ED-2.4,klamaḥ
ED-2.5,gurugātratā
ED-2.6,tandrātiyōgaḥ
ED-2.7,tamapravēśaḥ/tamaḥ-atidarśanam
ED-2.8,nidrānāśaḥ/asvapnaḥ
SN92(ED-2.9),piḍakā
ED-2.10,pipāsā
ED-2.11,pūtigandhatā
ED-2.12,pūtighrāṇagandhatā
ED-2.13,pramīlakaḥ
SQ01(ED-2.14),buddhisaṁmōhaḥ
ED-2.15,lavaṇāsyatā
ED-2.16,vivarṇatā
ED-2.17,svarakṣayaḥ
ED-2.18,śarīradaurgandhyam
ED-2.19,śirōruk
ED-2.20,santāpaḥ
ED-2.21,raktapākaḥ
SM41(ED-3),kāmalā
ED-3.1(SM41),koṣṭhāśrita-kāmalā
ED-3.2(SM41),kumbhakāmalā
ED-3.3(SM41),śākhāśrita-kāmalā
ED-3.4(SM41),lakharaka
ED-3.5(SM41),halīmaka
ED-3.6,asādhya-kāmalā
ED-3.7,asādhya-kuṁbhakāmalā
ED-3.8,kāmalā-ariṣṭaḥ
ED-4,kuṣṭham
ED-4.1,kuṣṭha-pūrvarūpam
ED-4.2,mahākuṣṭhaḥ
ED-4.2.1(SN49),"kapālaḥ,"
ED-4.2.2,nan
ED-4.2.3(SN49),"udumbara-kuṣṭhaḥ,"
ED-4.2.4(SN49),"maṇḍalakuṣṭhaḥ,"
ED-4.2.5(SN49),ṛṣyajihvakaḥ
ED-4.2.6(SN49),puṇḍarīkaḥ
SN4A(ED-4.2.7),sidhmaḥ
ED-4.2.8,kākaṇakaḥ
ED-4.3,kṣudrakuṣṭham
SN4B(ED-4.3.1),ekakuṣṭhaḥ
ED-4.3.2(SN5Y),carmakuṣṭhaḥ
ED-4.3.3(SN4A),kiṭibhaḥ
ED-4.3.4(SN9Y),vipādikā
ED-4.3.5,nan
SN4U(ED-4.3.6),dadru-kuṣṭhaḥ
ED-4.3.7(SN5Y),carmadala-kuṣṭhaḥ
SN46(ED-4.3.8),pāmā
ED-4.3.9(SN5Y),śatāru-kuṣṭhaḥ
SN43 (ED-4.3.10),vicarcikā
ED-4.3.11(SN5Y),sthūlāruṣka
SN49(ED-4.4),dhātugatakuṣṭhaḥ
ED-4.4.1,tvaggatakuṣṭhaḥ
ED-4.4.2,raktagatakuṣṭhaḥ
ED-4.4.3,māṁsagatakuṣṭhaḥ
ED-4.4.4,mēdōgatakuṣṭhaḥ
ED-4.4.5,asthigatakuṣṭhaḥ
ED-4.4.6,majjāgatakuṣṭhaḥ
ED-4.4.7,śukragatakuṣṭhaḥ
ED-4.5,asādhyakuṣṭhaḥ
ED-4.6,kuṣṭha-upadravaḥ
ED-4.7,kuṣṭha-ariṣṭaḥ
ED-5(SN4D),śvitraḥ
ED-5.1,vātika-śvitraḥ
ED-5.2,paittika-śvitraḥ/kilāsaḥ
ED-5.3,kaphajaśvitraḥ/kilāsaḥ
ED-5.4,raktajaśvitraḥ-daruṇaḥ
ED-5.5,māṁsajaśvitraḥ-cāruṇaḥ
ED-5.6,mēdōjaśvitraḥ
ED-5.7,asādhyakilāsa
ED-6,masūrikā
ED-6.1,masūrikāpūrvarūpam
ED-6.2,vātajamasūrikā
ED-6.3,pittajamasūrikā
ED-6.4,kaphajamasūrikā
ED-6.5,tridōṣajamasūrikā
ED-6.6,raktajamasūrikā
ED-6.7,saptadhātugatamasūrikā
ED-6.7.1,tvakgatamasūrikā/rasadhātugatamasūrikā
ED-6.7.2,raktajamasūrikā
ED-6.7.3,māṁsagatamasūrikā
ED-6.7.4,mēdōgatamasūrikā
ED-6.7.5,asthigatamasūrikā
ED-6.7.6,majjāgatamasūrikā
ED-6.7.7,śukragatamasūrikā
ED-6.8,laghu-masūrikā
ED-6.9,asādhya-masūrikā
SL81(ED-7),raktapittam
ED-7.1,raktapitta-pūrvarūpam
ED-7.2,ūrdhvaga-raktapittam
ED-7.3,adhōga-raktapittam
ED-7.4,ubhayaga-raktapittam
ED-7.5,vātajaraktapittam
ED-7.6,pittajaraktapittam
ED-7.7,kaphajaraktapittam
ED-7.8,sānnipātika-raktapittam
ED-7.9,asādhyaraktapittam
ED-7.10,raktapitta-upadravaḥ
ED-7.11,raktapitta-ariṣṭaḥ
ED-8(SP11),vātaraktam
ED-8.1,vātarakta-pūrvarūpam
ED-8.2,uttāna-vātaraktam
ED-8.3,gambhīra-vātaraktam
ED-8.4,ubhayajavātarakta
ED-8.5,dōṣajavātaraktam
ED-8.5.1(SP11),vātajavātaraktam
ED-8.5.2(SP14),pittaja-vātaraktam
ED-8.5.3,kaphajavātaraktam
ED-8.5.4,raktajavātaraktam
ED-8.5.5,dvidōṣaja-vātaraktam
ED-8.5.6,tridōṣajavātaraktam
ED-8.6,kr̥cchrasādhya-vātaraktam
ED-8.7,asādhya-vātaraktam
ED-8.8,vātarakta-upadravaḥ
ED-8.9,vātarakta-ariṣṭaḥ
ED-9,vidradhiḥ
ED-9.1,vātajavidradhiḥ
ED-9.2,pittajavidradhiḥ
ED-9.3,kaphajavidradhiḥ
ED-9.4,sānnipātajavidradhiḥ
ED-9.5,raktajavidradhiḥ
ED-9.6,bāhyavidradhiḥ
ED-9.7,antarvidradhiḥ
SM56(ED-9.7.1),gudajavidradhi
ED-9.7.2,nan
ED-9.7.3,nan
ED-9.7.4,nan
ED-9.7.5,nan
SM80(ED-9.7.6),vr̥kkajavidradhiḥ
ED-9.7.7,nan
ED-9.7.8,nan
SM40(ED-9.7.9),yakr̥jjavidradhiḥ
ED-9.7.10,klōmajavidradhiḥ
ED-9.8,kṣataja vidradhiḥ/āgantuja-vidradhiḥ
ED-9.9,ūrdhvajavidradhiḥ
ED-9.10,adhōga-vidradhiḥ
ED-9.11,pakva-vidradhiḥ
ED-9.12,asādhya-vidradhiḥ
ED-9.13,vidradhi-ariṣṭaḥ
ED-10,visarpaḥ
ED-10.1,bāhyāśraya-visarpaḥ
ED-10.2,antarāśraya-visarpaḥ
ED-10.3,ubhayāśraya-visarpaḥ
ED-10.4,vātajavisarpaḥ
ED-10.5,pittajavisarpaḥ
ED-10.6,kaphajavisarpaḥ
ED-10.7,agnivisarpaḥ/vātapittajavisarpaḥ/agnidāhaja-visarpaḥ
ED-10.8,marmagata-agnivisarpam
ED-10.9,granthivisarpaḥ/vātakaphajavisarpaḥ
ED-10.10,kardamavisarpaḥ/pittakaphajavisarpaḥ
ED-10.11,sānnipātajavisarpaḥ
ED-10.12,kṣatajavisarpaḥ
ED-10.13,asādhya-visarpaḥ
ED-10.14,visarpa-upadravaḥ
ED-10.15,visarpa-ariṣṭaḥ
SN31,phiraṅgaroga
ED-11.1,bāhyaphiraṅgaḥ
ED-11.2,abhyantaraphiraṅgaḥ
ED-11.3,bahirāntara-phiraṅgaḥ
SM44,plīhavruddhi
ED-12.1,vātajaplīharōgaḥ
ED-12.2,pittajaplīharōgaḥ
ED-12.3,kaphajaplīharōgaḥ
ED-12.4,sannipātaja-plīhōdaraḥ
ED-12.5,raktajaplīharōgaḥ/raktaja-plīhōdaraḥ
ED-12.6,asādhya-plīhōdaraḥ
SM01,ślīpadaḥ
ED-13.1,vātajaślīpadaḥ
ED-13.2,pittajaślīpadaḥ
ED-13.3,kaphajaślīpadaḥ
ED-13.4,asādhya-ślīpadaḥ
ED-14,śītapittam
ED-14.1,śītapitta-pūrvarūpam
ED-15,udardaḥ
SM52,bhagandaraḥ
ED-16.1,bhagandara-pūrvarūpam
ED-16.2,śatapōnakabhagandaraḥ/vātaja-bhagandaraḥ
ED-16.3,uṣṭragrīva-bhagandaraḥ/pittaja-bhagandaraḥ
ED-16.4,parisrāvī-bhagandaraḥ/ślēṣmaja-bhagandaraḥ
ED-16.5,parikṣēpi-bhagandaraḥ/vātapaittika-bhagandaraḥ
ED-16.6,r̥ju-bhagandaraḥ/vātakaphaja-bhagandaraḥ
ED-16.7,arśō-bhagandaraḥ kaphapitta-bhagandaraḥ
ED-16.8,śambūkāvarta-bhagandaraḥ/sānnipātaja-bhagandaraḥ
ED-16.9,unmārgagāmī-bhagandaraḥ/śalyajanya-bhagandaraḥ/kṣataja-bhagandaraḥ
ED-16.10,asādhya-bhagandaraḥ
ED-16.11,bhagandara-ariṣṭalakṣaṇam
ED-17,davathuḥ
ED-18,śoṇitakledaḥ
SN47,snāyukarogaḥ
ED-20,dāhaḥ
ED-20.1,raktajadāhaḥ
ED-20.2,pittaja-dāhaḥ
ED-20.3,tr̥ṣṇā-nirōdhajadāhaḥ
ED-20.4,asr̥kpūrṇakōṣṭhajadāhaḥ/raktapūrṇakōṣṭhajadāhaḥ
ED-20.5,dhātukṣayajadāhaḥ
ED-20.6,kṣatajadāhaḥ
ED-20.7,marmābhighātajadāhaḥ
EE,māṁsavahasrōtōvikāraḥ
SR52,māṃsavahasrotoduṣṭiḥ
SP72,arbudaḥ
EE-2.1,vātaja-arbudaḥ
EE-2.2,pittaja-arbudaḥ
EE-2.3,kaphaja-arbudaḥ
EE-2.4,raktaja-arbudaḥ
EE-2.5,māṁsaja-arbudaḥ
EE-2.6,mēdōja-arbudaḥ
EE-2.7,adhyarbudaḥ/dvirarbudaḥ
SM53,arśaḥ
EE-3.1,nan
EE-3.2,nan
EE-3.3,nan
EE-3.4,vātaja-arśaḥ
EE-3.5,pittaja-arśaḥ
EE-3.6,kaphaja-arśaḥ
EE-3.7,raktaja-arśaḥ
EE-3.7.1,nan
EE-3.7.2,nan
EE-3.8,nan
EE-3.9,nan
EE-3.10,sahaja-arśaḥ
EE-3.11,nan
EE-3.12,nan
EE-3.13,nābhija-arśaḥ
SN06,meḍhraja-arśaḥ
EE-3.15,nan
SK6S,netraja-arśaḥ
EE-3.17,nan
EE-3.18,nan
SP71,granthi
EE-4.1,vātajagranthiḥ
EE-4.2,pittajagranthiḥ
EE-4.3,kaphajagranthiḥ
SP70,medojagranthi
SL70,sirāgranthiḥ
EE-4.6,nan
EE-4.7,nan
EE-4.8,nan
EE-4.9,nan
EE-4.10,nan
EE-5,nan
EE-6,nan
EF,nan
SR53,medovahasrotoduṣṭiḥ
SM8D,pramehaḥ
EF-2.1,nan
EF-2.2,kaphajapramehaḥ
EF-2.2.1,udakamehaḥ
EF-2.2.2,ikṣuvālikāmehaḥ
EF-2.2.3,sāndramehaḥ
EF-2.2.4,sāndraprasādamehaḥ
EF-2.2.5,śuklamehaḥ
EF-2.2.6,śukramehaḥ
EF-2.2.7,śītamehaḥ
EF-2.2.8,śanairmehaḥ
EF-2.2.9,sikatāmehaḥ
EF-2.2.10,lālāmehaḥ
EF-2.2.11,surāmehaḥ
EF-2.2.12,lavaṇamehaḥ
EF-2.2.13,piṣṭamehaḥ
EF-2.2.14,phenamehaḥ
EF-2.3,pittaja-pramehaḥ
EF-2.3.1,kṣāramehaḥ
EF-2.3.2,"kālamehaḥ,"
EF-2.3.3,nīlamehaḥ
SM8A,lohitamehaḥ
EF-2.3.5,mañjiṣṭhāmehaḥ
EF-2.3.6,hāridramehaḥ
EF-2.3.7,amlamehaḥ
EF-2.4,vātajapramehaḥ
EF-2.4.1,vasāmehaḥ
EF-2.4.2,majjāmehaḥ
EF-2.4.3,hastimehaḥ
SP60,madhumehaḥ kṣaudramehaḥ
EF-2.4.5,sarpirmehaḥ
EF-2.5,prameha-piḍakā
EF-2.5.1,nan
EF-2.5.2,nan
EF-2.5.3,nan
EF-2.5.4,nan
EF-2.5.5,nan
SN04 (EF-2.5.6),sarṣapikā
EF-2.5.7,nan
EF-2.5.8,nan
EF-2.5.9,nan
EF-2.5.10,nan
EF-2.5.11,nan
EF-2.5.12,nan
EF-2.5.13,nan
EF-2.6,nan
EF-2.7,nan
EF-2.8,nan
EF-2.9,nan
EF-2.10,nan
EF-2.11,nan
SP64,medorogaḥ / atisthaulyam
EF-3.1,nan
EF-4,nan
SR5C (EF-5),svedavahasrotoduṣṭiḥ
EG,asthivahasrōtōvikāraḥ
SR54,asthivahasrotoduṣṭiḥ
EG-2,adhyasthiḥ
EH,nan
SR55,majjāvahasrotoduṣṭiḥ
EH-2,majjāparipākaḥ
EI,nan
SR56,śukravahasrotoduṣṭiḥ
SN02,klaibyam
EI-2.1,bījōpaghātajaklaibyam
EI-2.2,dhvajabhaṅgajaklaibyam
EI-2.3,jarājanyaklaibyam
EI-2.4,śukrakṣayajaklaibyam
EI-2.5,paittikaklaibyam
EI-2.6,sirāchēdajanyaklaibyam
EI-2.7,sahajaklaibyam
EI-2.7.1,īrṣyakaḥ
EI-2.7.2,āsēkyaḥ
EI-2.7.3,kumbhīkaḥ
EI-2.7.4,sugandhikaḥ
EI-2.7.5,ṣaṇḍaḥ
EI-2.7.6,tr̥ṇaputrikaḥ
EI-2.7.7,vārtā
EI-3,rētōdōṣaḥ
EI-3.1,vātaduṣṭa-rētas
EI-3.1.1,tanu-rētas
EI-3.1.2,rūkṣa-rētas
EI-3.1.3,phēnila-rētas
EI-3.2,pittaduṣṭa-rētas
EI-3.2.1,vivarṇa-rētas
EI-3.2.2,pūti-rētas
EI-3.3,kaphaduṣṭa-rētas
EI-3.3.1,atipicchila-rētas
EI-3.4,raktānvita-rētas
EI-3.5,anyadhātūpahita-rētas
EI-3.6,avasādi-rētas/grathita-rētas
EI-3.7,vātapittaduṣṭa-rētas
EI-3.8,vātakaphaduṣṭa-rētas
EI-3.9,pittakaphaduṣṭa-rētas
EI-3.10,raktapittaduṣṭa-rētas
EI-3.11,sānnipātaduṣṭa-rētas/mūtra-viṭprabha-rētas
EI-4,śūkarogaḥ
EI-4.1,nan
EF-2.6.5,nan
EI-4.2,nan
EI-4.3,nan
EI-4.4,nan
EI-4.5,nan
EI-4.6,nan
EI-4.7,nan
EI-4.8,nan
EI-4.9,nan
EI-4.10,nan
EI-4.11,nan
EI-4.12,nan
SP90,vidradhiḥ
EI-4.14,nan
EI-4.15,nan
EI-4.16,nan
EI-4.17,nan
EI-4.18,nan
EI-4.19,nan
SN30,upadaṃśaḥ
EI-5.1,vātaja-upadaṁśaḥ
EI-5.2,pittaja-upadaṁśaḥ
EI-5.3,kaphaja-upadaṁśaḥ
EI-5.4,sānnipātaja-upadaṁśaḥ
EI-5.5,raktaja-upadaṁśaḥ
EI-5.6,asādhya-upadaṁśaḥ
EI-5.7,upadaṁśa-ariṣṭaḥ
SN01,vṛddhiḥ
EI-6.1,nan
EI-6.2,vātaja-vṛddhiḥ
EI-6.3,pittaja-vṛddhiḥ
EI-6.4,kaphaja-vṛddhiḥ
EI-6.5,raktaja-vṛddhiḥ
EI-6.6,medoja-vṛddhiḥ
EI-6.7,mūtraja-vṛddhiḥ
SM3G,antra-vṛddhiḥ
EI-6.9,aṇḍa-vṛddhiḥ
EJ,nan
SR5B,mūtravahasrotoduṣṭiḥ
SM8C,aśmarī
EJ-2.1,nan
EJ-2.2,vātaja-aśmarī
EJ-2.3,pittaja-aśmarī
EJ-2.4,kaphaja-aśmarī
EJ-2.5,śukrāśmarī
EJ-2.6,nan
EJ-2.7,nan
EJ-2.7.1,nan
EJ-2.8,nan
SM82,mūtrāghātaḥ
SM89,mūtraukasādaḥ
EJ-3.1.1,nan
EJ-3.1.2,nan
EJ-3.2,mūtrajaṭharaḥ
EJ-3.3,mūtrotsaṅgaḥ
SM8E,mūtrasaṃkṣayaḥ
EJ-3.5,mūtrātītaḥ
EJ-3.6,nan
SM8B,vātabastiḥ
EJ-3.8,uṣṇavātaḥ
SM88,vātakuṇḍalikā
EJ-3.10,"mūtragranthiḥ,"
SN09,mūtraśukraḥ
EJ-3.12,viḍ-vighātaḥ
EJ-3.13,bastikuṇḍalaḥ
EJ-3.13.1,nan
EJ-3.13.2,nan
EJ-3.13.3,nan
EJ-3.14,nan
SM87,mūtrakṛcchram
EJ-4.1,vātajamūtrakr̥cchram
EJ-4.2,pittajamūtrakr̥cchram
EJ-4.3,kaphajamūtrakr̥cchram
EJ-4.4,sānnipātamūtrakr̥cchram
EJ-4.5,aśmarījamūtrakr̥cchram
EJ-4.6,purīṣarōdhajamūtrakr̥cchram
EJ-4.7,śarkarājamūtrakr̥cchram
EJ-4.8,śōṇitajamūtrakr̥cchram/raktajamūtrakr̥cchram
EJ-4.9,śalyajamūtrakr̥cchram
EJ-4.10,śukrajanyamūtrakr̥cchram
EK,udakavahasrōtōvikāraḥ
SR58,"ambuvahasrotoduṣṭiḥ, udakavahasrotoduṣṭiḥ"
SP63,tṛṣṇā
EK-2.1,nan
EK-2.2,nan
EK-2.3,nan
EK-2.4,nan
EK-2.5,nan
EK-2.6,nan
EK-2.7,nan
EK-2.8,nan
EK-2.9,nan
EK-2.10,nan
EK-2.11,nan
EK-2.12,nan
SP92,"śvayathuḥ/śothaḥ / śophaḥ śvayathuḥ , śothaḥ"
EK-3.1,śōpha-pūrvarūpam
EK-3.2,vātajaśōphaḥ
EK-3.3,pittajaśōphaḥ
EK-3.4,kaphajaśōphaḥ
EK-3.5,raktajaśōpha
EK-3.6,dvandvaja-śōphaḥ
EK-3.7,sānnipātajaśōphaḥ
EK-3.8,abhighātajaśōphaḥ-kṣatajaśōphaḥ
EK-3.9,viṣajaśōphaḥ
EK-3.10,āmaśōphaḥ
EK-3.11,pacyamānaśōphaḥ
EK-3.12,pakvaśōphaḥ
EK-3.14,asādhya-śōphaḥ
EK-3.15,karṇamūlaśōthaḥ
EK-3.16,śiraśōthaḥ
SP91,sarvasara-śōthaḥ
EK-3.18,nan
EK-3.19,nan
SM32,udara
EK-4.1,nan
EK-4.2,vātaja-udararogaḥ
EK-4.3,pittaja-udararogaḥ
EK-4.4,kaphaja-udararogaḥ
EK-4.5,sannipātōdaraḥ-udararogaḥ
SM42,yakṛddālyudaraḥ
EK-4.7,baddhagudodaraḥ
EK-4.8,"chidrodaraḥ,"
EK-4.9,nan
EK-4.10,ajātodakaḥ
EK-4.10.1,picchāvasthā
EK-4.10.2,jātōdaka avasthā
EK-4.11,asādhya-udaraḥ
EK-4.12,upēkṣyamāṇa-udaraḥ
EK-4.13,udara-upadravaḥ
EK-4.14,udara-ariṣṭaḥ
EL,ārtavavahasrōtōvikāraḥ
EL-1,ārtavavaha-srōtōduṣṭiḥ
EL-2,yōnirōgaḥ/yōni-vyāpadaḥ
EL-2.1,vātaja-yōnirōgaḥ
EL-2.2,pittaja-yōnirōgaḥ
EL-2.3,kaphaja-yōnirōgaḥ
EL-2.4,sānnipātaja-yōnirōgaḥ
EL-2.5,acaraṇā
EL-2.6,atyānandā
EL-2.7,nan
EL-2.8,antarmukhī
SM90,arajaskā
SM96,udāvartinī
EL-2.11,nan
SN12,jātaghnī
SM97,lohitakṣayā
SM9B,viplutā
SM91,karṇinī
EL-2.16,nan
EL-2.17,"prasraṃsiṇī,"
EL-2.18,nan
EL-2.19,"phalinī,"
SM9A,mahāyoniḥ
EL-2.21,nan
EL-2.22,vāminī
EL-2.23,nan
SM94,vandhyā
EL-2.25,"ṣaṇḍhī, khaṇḍitā"
EL-2.26,"sūcīmukhi,"
SM92,yonikandaḥ
EL-2.27.1,nan
EL-2.27.2,nan
EL-2.27.3,nan
EL-2.27.4,nan
SM99,yoni-arśaḥ
EL-3,nan
EL-3.1,nan
EL-3.2,nan
EL-3.3,nan
EL-3.4,nan
EL-3.5,nan
EL-3.6,nan
EL-3.7,nan
EL-3.8,nan
SM98,asṛgdaraḥ
EL-4.1,nan
EL-4.2,nan
EL-4.3,nan
EL-4.4,nan
EL-4.5,nan
SM93,śvetapradaraḥ
EL-6,garbhiṇīrōgaḥ
EL-6.1,kikkisa-garbhiṇīrōgaḥ
EL-7,garbha-vyāpat
EL-7.1,garbhasrāvaḥ
EL-7.2,garbhapātaḥ
EL-7.3,upaviṣṭakaḥ
EL-7.4,nāgōdaraḥ/upaśuṣka
EL-7.5,līnagarbhaḥ
EL-7.6,mr̥tagarbhaḥ
EL-7.7,aparāpātanam
EL-8,mūḍhagarbhaḥ
EL-8.1,kīlakaḥ
EL-8.2,pratikhuraḥ
EL-8.3,bījakaḥ
EL-8.4,parighaḥ
EL-8.5,asādhya-mūḍhagarbhaḥ
EL-8.6,mūḍhagarbha-upadravaḥ
EL-9,sūtikārogaḥ
SM9C,makkallaḥ
EM,nan
SR5E,manovahasrotoduṣṭiḥ
SQ03,unmādaḥ
EM-2.1,nan
EM-2.2,nan
SQ41,pittaja-unmādaḥ
SQ04,kaphaja-unmādaḥ
EM-2.5,sannipātaja-unmādaḥ
EM-2.6,śōkaja-unmādaḥ
EM-2.7,viṣaja-unmādaḥ
EM-2.8,āgantuja-unmādaḥ
EM-2.8.1,āgantukōnmāda pūrvarupa
EM-2.8.2,dēvōnmādaḥ/dēvaśatrujuṣṭōnmādaḥ
EM-2.8.3,guruśāpōnmādaḥ
EM-2.8.4,siddhōnmādaḥ
EM-2.8.5,pitr̥-unmādaḥ
EM-2.8.6,gandharvōnmādaḥ
EM-2.8.7,yakṣōnmādaḥ
EM-2.8.8,rākṣasōnmādaḥ
EM-2.8.9,brahmarākṣasōnmādaḥ
EM-2.8.10,piśācōnmādaḥ
EM-2.8.11,bhujaṁgōnmādaḥ
EM-2.8.12,kinnarōnmādaḥ
EM-2.8.13,prētōnmādaḥ
EM-2.8.14,adbhutōnmādaḥ
EM-2.8.15,jalādhidēvatōnmādaḥ
EM-2.8.16,kūṣmāṇḍōnmādaḥ
EM-2.8.17,kr̥tyōnmādaḥ
EM-2.8.18,vētālōnmādaḥ
EM-2.8.19,guhyakōnmādaḥ
EM-2.8.20,bhūtōnmādaḥ
EM-2.8.21,ādhijōnmādaḥ
EM-2.8.22,hiṁsārthakōnmādaḥ
EM-2.8.23,kāmajōnmādaḥ
EM-2.9,asādhya-unmādaḥ
SK31,apasmāraḥ
EM-3.1,nan
EM-3.2,nan
EM-3.3,nan
EM-3.4,nan
EM-3.5,nan
EM-3.6,nan
EM-3.7,nan
EM-4,"atattvābhiniveśaḥ,"
SQ20,madātyayaḥ
EM-5.1,vātajamadātyayaḥ
EM-5.2,pittajamadātyayaḥ
EM-5.3,kaphajamadātyayaḥ
EM-5.4,sannipātajamadātyayaḥ
EM-5.5,dhvaṁsaka-madātyayaḥ
EM-5.6,vikṣaya-madātyayaḥ/vikṣēpaka-madātyayaḥ
EM-5.7,paramadaḥ
EM-5.8,pānājīrṇam
EM-5.9,pānavibhramaḥ
EM-5.10,asādhya-madātyayaḥ
EM-5.11,madātyaya-upadravaḥ
EM-5.12,madātyaya-ariṣṭaḥ
EM-6,madaḥ
EM-6.1,nan
EM-6.2,nan
EM-6.3,nan
EM-6.4,nan
EM-6.5,nan
EM-6.6,nan
EM-6.6.1,nan
EM-6.6.2,nan
EM-6.6.3,nan
EM-6.6.4,nan
EM-6.7,nan
SP98,mūrcchā
EM-7.1,nan
EM-7.2,vataja mūrcchā
EM-7.3,pittaja mūrcchā
EM-7.4,kaphaja mūrcchā
EM-7.5,sannipataja mūrcchā
EM-7.6,raktaka mūrcchā
EM-7.7,madyaja mūrcchā
EM-7.8,vishaja mūrcchā
EM-7.9,glanija mūrcchā
EM-7.10,nan
EM-8,nan
EM-8.1,nan
EM-8.2,nan
EM-8.3,nan
EM-8.4,nan
EM-8.5,nan
EM-8.6,nan
EM-8.7,nan
EM-8.8,nan
EM-8.9,nan
EM-8.10,nan
EM-8.11,nan
EM-8.12,nan
EM-8.13,nan
EM-8.14,nan
EM-8.15,nan
EM-8.16,nan
SQ10,mana-santāpaḥ
EM-10,saṁnyāsaḥ
SK10 (EM-11),bhramaḥ
SK00,śiraḥśūla śiroruk
F-1,nan
F-2,nan
F-3,nan
F-4,nan
F-5,nan
F-6,kṛmija-śirorogaḥ
F-7,anantavātaḥ
SK01,ardhāvabhedakaḥ
F-9,sūryāvartaḥ
F-10,śaṅkhakaḥ
F-11,śiraḥkampaḥ
F-12,kṣayajaśirorogaḥ
SK50,kapāla-rogaḥ
FA-1,nan
SN73,akālapalitaḥ
FA-2.1,nan
FA-2.3,nan
FA-2.5,nan
FA-2.7,nan
FA-2.9,nan
SN71,khālityam
FA-3.1,vātaja-khālityam/vātajakhalati
FA-3.2,pittaja khalityam
FA-3.3,kaphaja khalityam/kaphaja khalati
FA-3.4,sānnipātaja-khalityam/asādhya-khalityam
SN91,dāruṇakaḥ
FA-5,nan
FA-6,kapālarbudaḥ
FA-7,kapālavidradhiḥ
G,nan
GA,nan
SM1M,vātaja-oṣṭhaprakopaḥ
SM1K,pittaja-ōṣṭhaprakōpaḥ
SM1L,kaphaja-ōṣṭhaprakōpaḥ
GA-4,nan
GA-5,nan
GA-6,nan
GA-7,nan
GA-8,kṣataja-ōṣṭhaprakōpaḥ
GA-9,nan
GA-10,jalārbudaḥ
GB,nan
GB-1,śītādaḥ
GB-2,dantapuppuṭaḥ
SM13,dantaveṣṭakaḥ
GB-4,śauṣiraḥ
GB-5,mahāśauṣiraḥ
SM1B,paridaraḥ
SM14,upakuśaḥ
GB-8,nan
GB-9,"vardhanaḥ, adhidantaḥ"
GB-10,adhimāṃsaḥ
GB-11,karālaḥ
GB-12,dantanāḍī
GB-12.1,nan
GB-12.2,nan
GB-12.3,nan
GB-12.4,nan
GB-12.5,nan
GC,nan
SM1A,dālanaḥ
SM1E,kṛmidantakaḥ
SM1J,dantaharṣaḥ
GC-4,nan
SM1F,dantaśarkarā
GC-6,kapālikā
SM1G,śyāvadantakaḥ
GC-8,nan
SM1H,dantacālaḥ
SM11,dantavidradhiḥ
GC-11,śītadantaḥ
GD,jihvāgatarōgaḥ
GD-1,vātajajihvāgatarōgaḥ
GD-2,pittajajihvāgatarōgaḥ
GD-3,kaphajajihvāgatarōgaḥ
GD-4,alāsaḥ
SM1C,upajihvikā
GD-6,adhijihvā
GE,nan
SM18,galaśuṇḍikā
SM19,galagrahaḥ
SL06,tuṇḍikerī
SM17,adhruṣaḥ
GE-5,"kacchapaḥ, kacchapī"
GE-6,tālu-arbudaḥ
GE-7,"māṃsasaṅghātaḥ, tālusaṃhatiḥ"
GE-8,tālupuppuṭaḥ
GE-9,nan
GE-10,"tālupākaḥ, tāluśothaḥ"
GE-11,"tālupiḍakā,"
GE-12,tāluvidradhiḥ
GF,nan
SL04,rohiṇī
GF-1.1,nan
GF-1.2,nan
GF-1.3,nan
GF-1.4,nan
GF-1.5,nan
GF-1.6,nan
SK9A,kaṇṭhaśālūkaḥ
GF-3,valayaḥ
SL05,balāsaḥ
GF-5,nan
GF-6,nan
SL01,śataghnī
GF-8,nan
GF-9,galavidradhiḥ
GF-10,galaughaḥ
GF-11,svaraghnam
GF-12,māṃsatānaḥ
GF-13,kaṇṭhagata-vidārī
SM00,apacī
GF-14.1,nan
SL00,galārbudaḥ
GF-16,gaṇḍālajī
SL08,gaṇḍamālā
GF-18,asādhya gaṇḍamālā
GF-19,galagaṇḍaḥ
GF-19.1,vātaja-galagaṇḍaḥ
GF-19.2,kaphaja-galagaṇḍaḥ
GF-19.3,mēdaja-galagaṇḍaḥ
GF-19.4,asādhya-galagaṇḍaḥ
GF-20,viḍālikā
GG,sarvasara mukharogaḥ
GG-1,nan
GG-2,nan
GG-3,nan
GG-4,nan
GG-5,nan
GG-6,nan
GG-7,nan
GG-8,nan
H,nan
H-1,nan
H-2,nan
H-3,nan
H-4,nan
H-5,nan
H-6,nan
H-7,nan
H-8,nan
H-9,nan
H-10,nan
H-11,nan
H-12,nan
H-13,nan
H-14,nan
HA,nan
SK68,pūyālasaḥ
HA-2,upanāhaḥ
SK6D,srāvaḥ
HA-3.1,nan
HA-3.2,nan
HA-3.3,nan
HA-3.4,nan
HA-3.5,nan
HA-4,parvaṇikā
HA-5,alajī
HA-6,kṛmigranthiḥ
HB,nan
HB-1,utsaṅginī
SK69,kumbhīkā
SK6U,pothakī
HB-4,nan
HB-5,arśovartma
HB-6,nan
SK6P,añjananāmikā
HB-8,bahalavartma
SK62,vartmāvabandhakaḥ
HB-10,vartmakardamaḥ
HB-11,kliṣṭavartma
SK6K,śyāvavartma
HB-13,praklinnavartma kaphotkliṣṭa-vartma
HB-14,apariklinnavartma
HB-15,vātahata-vartma
SK6F,vartmārbudaḥ
SK6J,nimeṣaḥ
SK6H,vartmagata-raktārśaḥ
SK6N,lagaṇaḥ
HB-20,nan
HB-21,kuñcanaḥ
HB-22,nan
HB-23,pittottkliṣṭaḥ
HB-24,utkliṣṭavartma
SK6M,śliṣṭa-vartma
HB-26,sikatā-vartma
HC,nan
SK6E,pakṣmakopaḥ
SK6Q,pakṣmaśātaḥ
HD,nan
SK6C,prastāri-arma
HD-2,śuklārma
HD-3,lohitārma
HD-4,adhimāṃsajārma
HD-5,snāyvarma
HD-6,nan
HD-7,nan
HD-8,piṣṭakaḥ
HD-9,nan
SK6T,sirājapiḍakā
HD-11,nan
SK67,kṛṣṇagatarogaḥ
HE-1,savraṇaśukraḥ
HE-1.1,nan
SK6V,avraṇaśukraḥ
HE-2.1,nan
HE-3,pākātyayaḥ
SK61,ajakājājta ajakā
HE-5,sirāśukraḥ
HF,sarvagatākṣirōgaḥ
SK66,abhiṣyandaḥ
HF-1.1,nan
HF-1.2,nan
HF-1.3,nan
HF-1.4,nan
HF-2,nan
HF-2.1,nan
HF-2.2,nan
HF-2.3,nan
HF-2.4,nan
SK6W,saśophapākaḥ
SK6R,aśophapākaḥ
SK6X,hatādhimanthaḥ
HF-6,vātaparyāyaḥ
SK6A,śuṣkākṣipākaḥ
HF-8,anyatovātaḥ
HF-9,amlādhyuṣitaḥ
HF-10,sirotpātaḥ
SK60 (HF-11),sirāpraharṣaḥ
HF-12,nan
HG,nan
HG-1,timiraḥ
HG-1.1,nan
HG-1.2,nan
HG-1.3,nan
HG-1.4,nan
HG-1.5,nan
HG-1.6,nan
HG-1.7,nan
HG-1.8,nan
HG-1.9,nan
HG-1.10,nan
HG-1.11,nan
HG-1.12,nan
HG-1.13,nan
HG-1.14,nan
HG-1.15,nan
SK65,kācaḥ
HG-2.1,nan
HG-2.2,nan
HG-2.3,nan
HG-2.4,ślaiṣmika-kācaḥ
HG-2.5,sānnipātika-kācaḥ
HG-2.6,nan
HG-3,liṅganāśaḥ
HG-3.1,nan
HG-3.2,nan
HG-3.3,nan
HG-3.4,nan
HG-3.5,nan
HG-3.6,nan
HG-3.7,nan
HG-3.8,nan
HG-3.9,nan
HG-3.9.1,nan
HG-3.9.2,nan
HG-3.9.3,nan
HG-3.9.4,nan
HG-3.9.5,nan
HG-3.9.6,nan
SK63,pittavidagdhadṛṣṭi
HG-5,nan
SK64 (HG-6),rātryāndhyam kaphavidagdhadṛṣṭi
HG-7,uṣṇavidagdhadṛṣṭiḥ
HG-8,dhūmadarśī
HG-9,hrasvajāḍyam
HG-10,nakulāndhyam
HG-11,gambhīrā-dṛṣṭiḥ
HG-12,vidagdhāmladṛṣṭiḥ
HH,nan
HH-1,nan
HH-2,nan
I,nan
SK95,pratiśyāyaḥ
I-1.1,pratiśyāya-pūrvarūpam
I-1.2,duṣṭapratiśyāyaḥ
I-1.3,vātajapratiśyāyaḥ
I-1.4,pittaja-pratiśyāyaḥ
I-1.5,kaphaja-pratiśyāyaḥ
I-1.6,sānnipātaja-pratiśyāyaḥ
I-1.7,raktaja-pratiśyāyaḥ
I-1.8,pakva-pratiśyāyaḥ
I-1.9,kṣayaja-pratiśyāyaḥ
I-1.10,asādhya-pratiśyāyaḥ
I-1.11,pratiśyāya-upadravaḥ
SL20,kṣavathuḥ
I-2.1,nan
SK93,nāsāśoṣaḥ
SK97,nāsānāhaḥ
SK96,ghrāṇasrāvaḥ
I-6,apīnasaḥ
I-7,ghrāṇapākaḥ
I-8,nāsāśvayathuḥ
I-8.1,nan
I-8.2,nan
I-8.3,nan
I-8.4,nan
I-9,nāsārbudaḥ
I-9.1,nan
I-9.2,nan
I-9.3,nan
I-9.4,nan
I-9.5,nan
I-9.6,nan
I-9.7,nan
I-10,pūyaraktam
SK98,pūtināsā
I-12,nan
I-13,dīptaḥ
I-14,bhraṃśathuḥ
SK90,nāsāgata-raktapittam
SK94,nāsārśaḥ
I-16.1,nan
I-16.2,nan
I-16.3,nan
I-16.4,nan
SK92,puṭakaḥ
I-18,bhṛśakṣavaḥ
J,nan
J-1,vātajakarṇarogaḥ
J-2,pittajakarṇarogaḥ
J-3,kaphajakarṇarogaḥ
J-4,sānnipātajakarṇarogaḥ
J-5,raktajakarṇarogaḥ
SK83,karṇa-kaṇḍū
J-7,karṇa-kṣveḍaḥ
SK85,karṇa-gūthakaḥ
SK86,karṇa-nādaḥ
J-10,karṇapākaḥ
J-11,karṇa-pratināhaḥ
SK80,karṇa-vidradhiḥ
J-12.1,nan
J-12.2,nan
SK88,karṇa-śophaḥ
J-13.1,nan
J-13.2,nan
J-13.3,nan
J-13.4,nan
SK82,karṇa-srāvaḥ
J-15,karṇārbudaḥ
J-15.1,nan
J-15.2,nan
J-15.3,nan
J-15.4,nan
J-15.5,nan
J-15.6,nan
J-15.7,nan
J-16,karṇārśaḥ
J-16.1,nan
J-16.2,nan
J-16.3,nan
J-16.4,nan
J-17,kṛmikarṇakaḥ
J-18,pūtikarṇaḥ
SK81,bādhiryam
SK87,karṇaśūlaḥ
J-21,nan
J-22,nan
JA,nan
JA-1,utpātaḥ
JA-2,nan
JA-3,nan
JA-4,nan
JA-5,paripoṭakaḥ
SK89,Parilehi
JA-7,nan
JA-8,nan
JA-9,tantrikaḥ
JA-10,nan
JA-11,nan
JA-12,nan
SN4W,vraṇaḥ
SP5A,vraṇaśophaḥ
KA-1,nan
KA-2,nan
KA-3,nan
KA-4,nan
KA-5,nan
KA-6,nan
K-1,nijavraṇaḥ
K-1.1,vātajavraṇaḥ/vātajaduṣṭavraṇa
K-1.1.1,asādhya-vātajajanyavraṇaḥ
K-1.2,pittajavraṇaḥ
K-1.2.1,asādhya-pittajanyavraṇaḥ
K-1.3,ślēṣmajavraṇaḥ
K-1.3.1,asādhya-ślēṣmajavraṇaḥ
K-1.4,raktajavraṇaḥ
K-1.5,vātapittajavraṇaḥ
K-1.6,vātakaphajavraṇaḥ
K-1.7,pittakaphajavraṇaḥ
K-1.8,vātaraktajavraṇaḥ
K-1.9,pittaraktajavraṇaḥ
K-1.10,kapharaktajavraṇaḥ
K-1.11,vātapittaraktajavraṇaḥ
K-1.12,vātakapharaktaja-vraṇaḥ
K-1.13,pittakapharaktaja-vraṇaḥ
K-1.14,vātapittakaphaja-vraṇaḥ
K-1.15,vātapittakapharaktaja-vraṇaḥ
K-2,āgantujavraṇaḥ
K-2.1,sadyōvraṇaḥ
K-2.1.1,kṣataḥ nipātita-sadyōvraṇaḥ
K-2.1.2,picchitaḥ/pracalitaḥ/vidalitaḥ
K-2.1.3,ghr̥ṣṭaḥ
K-2.1.4,avakr̥ttaḥ/aviklr̥ptaḥ
K-2.1.5,vilambī
K-3,śuddhavraṇaḥ
K-4,ruhyamāṇavraṇaḥ
K-5,samyagrūḍhavraṇaḥ
K-6,asādhya-vraṇaḥ
K-7,vraṇapūrvarūpam
K-8,vraṇa-upadravaḥ
K-9,nan
K-10,nan
K-11,nan
SL71,sirāgatavraṇaḥ
K-13,nan
K-14,nāḍīvraṇaḥ
K-14.1,vātajanāḍīvraṇaḥ
K-14.2,pittajanāḍīvraṇaḥ
K-14.3,kaphajanāḍīvraṇaḥ
K-14.4,dvandvajanāḍīvraṇaḥ
K-14.5,sānnipātajanāḍīvraṇaḥ
K-14.6,śalyanimittajavraṇaḥ
K-15,vraṇāyāmaḥ
K-15.1,asādhya-vraṇāyāmaḥ/upadravaḥ
L,abhighātaḥ
LA,bhagnaḥ
LA-1,sandhimuktam
LA-1.1,utpiṣṭa-sandhimuktam
LA-1.2,viśliṣṭa-sandhimuktam
LA-1.3,vivartita-sandhimuktam
LA-1.4,avakṣipta-sandhimuktam/adhaḥkṣipta-sandhimuktam
LA-1.5,atikṣipta-sandhimuktam
LA-1.6,tiryakakṣipta-sandhimuktam
LA-2,kāṇḍabhagna-adhikaraṇam
LA-2.1,karkaṭaka-bhagnaḥ
LA-2.2,aśvakarṇaḥ
LA-2.3,cūrṇitaḥ
LA-2.4,piccitaḥ
LA-2.5,asthichillitaḥ
LA-2.6,kāṇḍabhagnaḥ
LA-2.7,majjānugata-bhagnaḥ
LA-2.8,atipātita-bhagnaḥ
LA-2.9,vakra-bhagnaḥ
LA-2.10,chinnabhagnaḥ
LA-2.11,pāṭitabhagnaḥ
LA-2.12,sphuṭita-bhagnaḥ
LA-3,vividha-avayava-bhagnaḥ
LA-3.1,akṣakāsthi-bhagnaḥ
LA-3.2,kapāla-bhagnaḥ
LA-3.3,karṇa-bhagnaḥ
LA-3.4,nāsā-bhagnaḥ
LA-3.5,hanu-bhagnaḥ
LA-3.6,danta-bhagnaḥ
LA-3.7,grīvā-bhagnaḥ
LA-3.8,skandha-bhagnaḥ
LA-3.9,bāhu-bhagnaḥ
LA-3.10,kūrpara-bhagnaḥ
LA-3.11,aṅguli-bhagnaḥ
LA-3.12,nakha-sandhi-bhagnaḥ
LA-3.13,parśukāsthi-bhagnaḥ
LA-3.14,ūrvasthi-bhagnaḥ
LA-3.15,ūru-bhagnaḥ
LA-3.16,jaṅgkā-bhagnaḥ
LA-3.17,pādatala-bhagnaḥ
LA-4,dussādhya-bhagnaḥ
LA-5,asādhya-bhagnaḥ
LB,dagdhaḥ
LB-1,agnidagdhaḥ
LB-1.1,pluṣṭadagdhaḥ/tucchadagdhaḥ
LB-1.2,durdagdham
LB-1.3,samyagdagdhaḥ
LB-1.4,atidagdhaḥ
LB-2,snēhadagdhaḥ
LB-3,uṣṇavātātapa-dagdhaḥ
LB-4,tvak-dagdhaḥ
LB-5,māṁsadagdhaḥ
LB-6,sirādagdhaḥ
LB-7,snāyudagdhaḥ
LB-8,sandhyasthidagdha
LC,dhūmaḥ
LC-1,dhūmōpahataḥ
ST20(LD),marmaviddhaḥ
LD-1,śākhā-marmaviddhaḥ
LD-1.1,talahr̥daya-marmaviddhaḥ
LD-1.2,kṣipra-marmaviddhaḥ
LD-1.3,kūrca-marmaviddhaḥ
LD-1.4,kūrcaśira-marmaviddhaḥ
LD-1.5,gulpha-marmaviddhaḥ
LD-1.6,indrabasti-marmaviddhaḥ
LD-1.7,jānu-marmaviddhaḥ
LD-1.8,āṇi-marmaviddhaḥ
LD-1.9,urvī-marmaviddhaḥ
LD-1.10,lōhita-marmaviddhaḥ
LD-1.11,viṭapa-marmaviddhaḥ
LD-1.12,maṇibandha-marmaviddhaḥ
LD-1.13,kūrpara-marmaviddhaḥ
LD-1.14,kakṣadhara-marmaviddhaḥ
LD-2,madhyamāṅga-marmaviddhaḥ
LD-2.1,guda-marmaviddhaḥ
LD-2.2,basti-marmaviddhaḥ
LD-2.3,nābhi-marmaviddhaḥ
LD-2.4,hr̥daya--marmaviddhaḥ
LD-2.5,stanarōhita-marmaviddhaḥ
LD-2.6,stanamūla-marmaviddhaḥ
LD-2.7,apastambha-marmaviddhaḥ
LD-2.8,apalāpa-marmaviddhaḥ
LD-2.9,kaṭīkataruṇa-marmaviddhaḥ
LD-2.10,kukundara-marmaviddhaḥ
LD-2.11,nitamba-marmaviddhaḥ
LD-2.12,pārśvasandhi-marmaviddhaḥ
LD-2.13,br̥hati-marmaviddhaḥ
LD-2.14,aṁsaphalaka-marmaviddhaḥ
LD-2.15,aṁsa-marmaviddhaḥ
LD-3,jatrūrdhva-marmaviddhaḥ
LD-3.1,nīlā-marmaviddhaḥ
LD-3.2,manyā-marmaviddhaḥ
LD-3.3,kr̥kāṭikā-marmaviddhaḥ
LD-3.4,mātr̥kā-marmaviddhaḥ
LD-3.5,vidhura-marmaviddhaḥ
LD-3.6,phaṇa-marmaviddhaḥ
LD-3.7,apāṅga-marmaviddhaḥ
LD-3.8,āvarta-marmaviddhaḥ
LD-3.9,śaṁkhamarmaviddhaḥ
LD-3.10,utkṣēpa-marmaviddhaḥ
LD-3.11,sthapanī-marmaviddhaḥ
LD-3.12,śr̥ṁgāṭaka-marmaviddhaḥ
LD-3.13,sīmanta-marmaviddhaḥ
LD-3.14,adhipati-marmaviddhaḥ
LD-4,māṁsamarmaviddhaḥ/anuktamāṁsamarmaṇō viddhasya liṅgam
LD-5,sirāmarmaviddhaḥ
LD-6,snāyumarmaviddhaḥ
LD-7,sandhimarmaviddhaḥ
LD-8,asthimarmaviddhaḥ
LD-9,dhamanīmarmaviddhaḥ
LD-10,sadyōprāṇaharamarmaviddhaḥ
LD-11,kālāntaramarmaviddhaḥ
LD-12,viśalyaghnamarmaviddhaḥ
LD-13,vaikalyakaramarmaviddhaḥ
LD-14,marmābhighātajadāhaḥ
LE,śalyaḥ
LE-1,tvaggata-śalyaḥ
LE-2,māṁsagata-śalyaḥ
LE-3,pēśyāntaragata-śalyaḥ
LE-4,sirāgata-śalyaḥ
LE-5,snāyugata-śalyaḥ
LE-7,sandhigata-śalyaḥ
LE-8,asthigata-śalyaḥ
LE-9,dhamanistha-śalyaḥ
LE-10,kōṣṭhagata-śalyaḥ
LE-11,asthivivaragata-śalya
LE-12,marmagata-śalya
LF,chinna-sadyōvraṇaḥ
LF-1,āmaśophachedaḥ
LF-2,sēvanī-chēdaḥ
LG,bhinna-sadyōvraṇaḥ
LG-1,kōṣṭha-abhighātaḥ/bhinnaḥ
LG-1.1,kōṣṭagatarudhiraḥ/raktapūrṇakōṣṭhaḥ
LG-1.2,āmāśayastha-rudhiraḥ
LG-1.3,pakvāśayastha-rudhiraḥ
LG-1.4,asādhya-kōṣṭhabhēdaḥ
LH,viddhaḥ
LH-1,sirāviddhaḥ
LH-2,snāyuviddhaḥ
LH-3,calācala-sandhikṣataḥ
LH-4,srōtōviddhaḥ
LH-4.1,prāṇavahasrōtōviddha
LH-4.2,annavahasrōtōviddhaḥ
LH-4.3,udakavahasrōtōviddhaḥ
LH-4.4,rasavahasrōtōviddha
LH-4.5,raktavahasrōtōviddha
LH-4.6,māṁsavahasrōtōviddhaḥ
LH-4.7,mēdōvahasrōtōviddha
LH-4.8,asthivahasrōtōviddhaḥ
LH-4.9,śukravahasrōtōviddhaḥ
LH-4.10,ārttavavahasrōtōviddha
LH-4.11,mūtravahasrōtōviddhaḥ
LH-4.12,purīṣavahasrōtōviddhaḥ
L-1,sarvāṅgābhihataḥ
L-2,raktātipravr̥ttiḥ
L-3,mūtraprasēka-kṣaṇanam
L-4,śirōbhighātaḥ
L-5,basti-abhighātaḥ
L-6,muṣkasrōtō^^abhighāta/upaghāta
L-7,śītābhihataḥ
M,bālarōgaḥ
MA,nāḍīkalpana-vyāpat
MA-1,āyāma–uttuṇḍitā
MA-2,vyāyāma-uttuṇḍitā
MA-3,piṇḍalikā
MA-4,vināmikā
MA-5,vijr̥mbhikā
MA-6,tuṇḍī
MB,bālagrahaḥ
MB-1,skandagrahaḥ
SR03,Skanda Apasmara
MB-3,śakunīgrahaḥ
MB-4,rēvatīgrahaḥ
MB-5,pūtanāgrahaḥ
MB-6,andhapūtanāgrahaḥ
MB-7,śītapūtanāgrahaḥ
MB-8,mukhamaṇḍikāgrahaḥ
MB-9,naigamēṣagrahaḥ
MB-10,śvagrahaḥ
MB-11,pitr̥grahaḥ
MB-12,śuṣkarēvatīgrahaḥ
MB-13,asādhya-śuṣkarēvatīgrahaḥ
MB-14,asādhya-bālagrahaḥ
MC-1,vātaduṣṭastanyapānajanyarōgaḥ
MC-2,pittaduṣṭastanyapānajanyarōgaḥ
MC-3,kaphaduṣṭastanyapānajanyarōgaḥ
MD-1,dantodgamaḥ
SM12,dantaghātaḥ
MD-3,dantaśabdaḥ
MD-4,akāladantaḥ
MD-5,"ahipūtanā, ahipūtanakaḥ"
SM16,mukhasrāvaḥ
SM54,gudapākaḥ
MD-8,tālukaṇṭakaḥ
MD-9,vicchinnaḥ
SR05,pārigarbhikaḥ
SP9A,daurbalyam
SR00,kumāraśoṣaḥ
SR01,śayyāmūtratvam
SR04,kukūṇakaḥ
MD-15,rōdanaḥ
MD-16,mahāpadmaḥ
MD-17,phakka-rogaḥ
SM73,kṣīrālasakaḥ
MD-19,bāla-kōṣṭharuk
MD-20,hṛdayaruk
MD-21,guhyaruk
MD-22,bāla-pakṣāghātaḥ
MD-23,bāla-bastirōga
SQ50,kṛmiḥ
nan,bāhyajakr̥miḥ
NA-1,yūkā
NA-2,likṣā bāhyakr̥miḥ
NA-3,pipīlikā bāhyakr̥miḥ
NB,ābhyantara-kr̥miḥ
NB-1,śōṇitajakr̥miḥ/raktajakr̥miḥ
NB-1.1,kēśādaḥ
NB-1.2,rōmādaḥ/lōmādaḥ
NB-1.3,lōmavidhvaṁsaḥ
NB-1.4,lōmadvīpaḥ
NB-1.5,saurasaḥ
NB-1.6,audumvaraḥ
NB-1.7,jantumātr̥
NB-1.8,nakhādaḥ
NB-1.9,dantādaḥ
NB-1.10,kikkisaḥ
NB-1.11,śōṇitajakr̥miḥ
NB-1.12,parīsarpaḥ
NB-2,kaphajakr̥miḥ
NB-2.1,antrādaḥ
NB-2.2,udarāveṣṭaḥ
NB-2.3,hr̥dayādaḥ/hr̥dayōdakaḥ
NB-2.4,curuḥ/kuruḥ
NB-2.5,darbhapuṣpaḥ
NB-2.6,saugandhikaḥ
NB-2.7,mahāgudaḥ/mahākuhaḥ
NB-2.8,mahāpuṣpaḥ
NB-2.9,pralūnaḥ
NB-2.10,cipiṭaḥ
NB-2.11,pipīlikā
NB-2.12,dāruṇakr̥miḥ
NB-3,purīṣajakṛmiḥ
NB-3.1,kakērukaḥ
NB-3.2,makērukaḥ
NB-3.3,lēlihaḥ
NB-3.4,saśūlakaḥ
NB-3.5,sausurādaḥ/sausūlakaḥ
NB-3.6,ajavaḥ
NB-3.7,vijavaḥ
NB-3.8,kipya
NB-3.9,cipyaḥ
NB-3.10,gaṇḍūpadaḥ
NB-3.11,dvimukhaḥ
NB-3.12,sulūnā
NB-4,kaphaśōṇitajakr̥miḥ
NB-4.1,snāyuka/kr̥miḥ
NB-4.1.1,vātika snāyuka
NB-4.1.2,pittaja snāyuka
O,kṣudrarōgaḥ
O-1,agnirōhiṇī
O-2,ajagallikā
O-3,anuśayī
O-4,"andhālajī, antrālajī"
O-5,avapīḍakaḥ
SN48,alasaḥ
SN70,arūṃṣikā
O-8,indraviddhā
O-9,utkoṭhaḥ
SN4L,koṭhaḥ
O-11,irivellikā
SN4T,kakṣāḥ
O-13,kacchapikā
O-14,kadaraḥ
O-15,kunakhaḥ
O-16,"gandhanāmā, gandhamālā"
O-17,gardabhikā
SM55,gudabhraṃśaḥ
SN4S,carmakīlaḥ
O-19.1,vātika-carmakīlaḥ
O-19.2,paittika-carmakīlaḥ
O-19.3,kaphaja-carmakīlaḥ
O-20,"cipyam, akṣatā, upanakha"
SN4F,jatumaṇiḥ
O-22,jālagardabhaḥ
SN4E,tilakaḥ
O-24,nyacchaḥ
SN0A,niruddhaprakaśaḥ
O-26,nīlikā
O-27,panasikā
SK54,prasuptiḥ
O-29,padminīkaṇṭakaḥ
O-30,parivartikā
O-30.1,vātaja-parivartikā
O-30.2,kaphaja-parivartikā
O-31,pādadārī
SM1D,pāṣāṇagardabhaḥ
O-33,maṣakaḥ
O-34,yavaprakhyā
SN4V,yuvānapiḍakā
SN4N,rājikā
O-37,lāñchanam
SN40,rakasā
SN90,indraluptaḥ
O-40,varāhadaṃṣṭrakaḥ
O-41,valmīkaḥ
SN4G,vyaṅgaḥ
O-42.1,vātikavyaṅgaḥ
O-42.2,paittika-vyaṅgaḥ
O-42.3,kaphaja-vyaṅgaḥ
O-42.4,raktaja-vyaṅgaḥ
O-43,vidārikā
O-44,vivṛtā
O-45,viddhā
SN4P,visphoṭakaḥ
O-46.1,vātaja-visphōṭakaḥ
O-46.2,pittaja-visphōṭakaḥ
O-46.3,kaphaja-visphōṭakaḥ
O-46.4,raktaja-visphōṭakaḥ
O-46.5,dvandvaja/visphōṭakaḥ
O-46.6,vātapittaja/visphōṭaḥ
O-46.7,kaphavātika/visphōṭaḥ
O-46.8,kaphapaittika/visphōṭaḥ
O-46.9,sānnipātaja/visphōṭaḥ
O-47,vṛṣaṇakacchūḥ
O-48,śarkarārbudaḥ
O-49,sanniruddhagudaḥ
O-50,śyāvapiṇḍikā
O-51,ālasyam
SM3H,utkleśaḥ
O-53,glāniḥ
P,viṣaḥ
P-1,vātajaviṣa
P-2,pittajaviṣa
P-3,kaphajaviṣa
P-4,viṣasēvanajanya lakṣaṇa
P-5,nirviṣapuruṣaḥ
P-6,asādhya-viṣaḥ
PA,annapānādi viṣalakṣaṇa
PA-1,viṣa-annapānagandhaḥ
PA-2,viṣaduṣṭa-annabāṣpasēvanam
PA-3,viṣānnasparśa/pāṇiviṣaḥ
PA-4,saviṣa-kuñjarādi vāhana/yāna
PA-5,saviṣa-jalapānaḥ
PA-6,mukhagataviṣa/vaktragataviṣa
PA-7,āmāśayagata-viṣaḥ
PA-8,pakvāśayagataviṣaḥ
PA-9,saviṣa dantanakhakṣataḥ
PA-10,saviṣa-abhyaṅgam
PA-11,saviṣa-utsādanaḥ
PA-12,saviṣa-avalēkhanam
PA-13,saviṣa-śirōbhyaṅgam
PA-14,saviṣa-snānaḥ
PA-15,saviṣa-vastradhāraṇam
PA-16,saviṣa-varṇakaḥ
PA-17,saviṣa-mukhalēpaḥ
PA-18,saviṣa-kuñjarādi vāhana/yāna
PA-19,saviṣa-nasya/saviṣa-dhūpanam/dhūmapānaḥ
PA-20,saviṣa-puṣpagandhaḥ/saviṣamālyōpayōga
PA-21,saviṣa-karṇapūraṇam
PA-22,saviṣa-añjana
PA-23,viṣajuṣṭa-pādukādhāraṇam
PA-24,saviṣa-chatrōpayōgaḥ
PA-25,saviṣa-bhūṣaṇa dhāraṇā/alaṅkāraḥ
PA-26,viṣadigdha-viddhaḥ/viṣadigdha śastra/viṣaliptaśastrahataḥ
PA-27,tuṇḍāhataḥ
PA-28,vyālīḍhaḥ
PA-29,vyāluptaḥ
PA-30,daṣṭakaḥ
PA-31,daṣṭanipīḍitaḥ
PA-32,saviṣa-daṁśaḥ
PA-33,saviṣa-abhyavaharaṇam
PA-34,viṣaduṣṭa-jala
PA-35,viṣdūṣita-jala-majjana
PA-36,saviṣa-bhūmisparśanam
PA-37,viṣaduṣṭa-anilasparśaḥ
PB,viṣavēgaḥ
PB-1,prathama-viṣavēgaḥ
PB-2,dvitīya-viṣavēgaḥ
PB-3,tr̥tīya-viṣavēgaḥ
PB-4,caturtha-viṣavēgaḥ
PB-5,pañcama-viṣavēgaḥ
PB-6,ṣaṣṭha-viṣavēgaḥ
PB-7,saptama-viṣavēgaḥ
PC,sthāvaraviṣaḥ
PC-1,mūlaviṣaḥ
PC-2,patra-viṣaḥ
PC-3,phala-viṣaḥ
PC-4,puṣpa-viṣaḥ
PC-5,tvaka-viṣaḥ
PC-6,sāra-viṣaḥ
PC-7,niryāsa-viṣaḥ
PC-8,kṣīra-viṣaḥ
PC-9,dhātu-viṣaḥ
PC-10,kanda-viṣaḥ
PC-10.1,kālakūṭaviṣaḥ
PC-10.2,vatsanābhaviṣaḥ
PC-10.3,sarṣapaviṣaḥ
PC-10.4,pālakaviṣaḥ
PC-10.5,vairāṭakaviṣaḥ
PC-10.6,mustakaviṣaḥ
PC-10.7,śr̥ṅgīviṣaḥ
PC-10.8,puṇḍarīkaviṣaḥ
PC-10.9,mūlakaviṣaḥ
PC-10.10,halāhalaviṣaḥ
PC-10.11,mahāviṣa-kandaviṣaḥ
PC-10.12,karkaṭakaviṣaḥ
PC-11,sthāvaraviṣavēga
PC-11.1,sthāvara-prathama-viṣavēgaḥ
PC-11.2,sthāvara-dvitīya-viṣavēgaḥ
PC-11.3,sthāvara-tr̥tīya/viṣavēgaḥ
PC-11.4,sthāvara-caturtha/viṣavēgaḥ
PC-11.5,sthāvara-pañcama-viṣavēgaḥ
PC-11.6,sthāvara-ṣaṣṭha-viṣavēgaḥ
PC-11.7,sthāvara-saptama-viṣavēgaḥ
PD,dūṣīviṣaḥ/kr̥trimaviṣaḥ
PD-1,dūṣīviṣapūrvarupa
PD-2,dūṣīviṣa/kīṭadaṣṭaḥ
PD-3,dūṣīviṣa/lūtādaṣṭaḥ
PD-4,pakvāśayastha-dūṣīviṣam
PD-5,dhātugata-dūṣīviṣam
PD-6,asādhya-dūṣīviṣaḥ
PD-7,dūṣīviṣōpadravaḥ
PE,jaṅgamaviṣaḥ
PE-1,sarpaviṣaḥ
PE-1.1,sarpadaṣṭaḥ
PE-1.1.1,sarpita-daṣṭaḥ
PE-1.1.2,radita/rudita-daṣṭaḥ
PE-1.1.3,nirviṣa-daṣṭaḥ
PE-1.2,darvīkara-sarpaviṣaḥ
PE-1.2.1,darvīkarasarpaviṣavēga
PE-1.2.1.1,darvīkarasarpaviṣa-prathamaviṣavēgaḥ
PE-1.2.1.2,darvīkarasarpaviṣa-dvitīyaviṣavēgaḥ
PE-1.2.1.3,darvīkarasarpaviṣa-tr̥tīyaviṣavēgaḥ
PE-1.2.1.4,darvīkarasarpaviṣa-caturthaviṣavēgaḥ
PE-1.2.1.5,darvīkarasarpaviṣa-pañcamaviṣavēgaḥ
PE-1.2.1.6,darvīkarasarpaviṣa-ṣaṣṭhaviṣavēgaḥ
PE-1.2.1.7,darvīkarasarpaviṣa-saptamaviṣavēgaḥ
PE-1.2.2,asādhya-dārvīviṣa
PE-1.3,maṇḍalī-sarpaviṣaḥ
PE-1.3.1,maṇḍalīsarpaviṣavēga
PE-1.3.1.1,maṇḍalīsarpaviṣa-prathamaviṣavēgaḥ
PE-1.3.1.2,maṇḍalīsarpaviṣa-dvitīyaviṣavēgaḥ
PE-1.3.1.3,maṇḍalīsarpaviṣa-tr̥tīyaviṣavēgaḥ
PE-1.3.1.4,maṇḍalīsarpaviṣa-caturthaviṣavēgaḥ
PE-1.3.1.5,maṇḍalīsarpaviṣa-pañcamaviṣavēgaḥ
PE-1.3.1.6,maṇḍalīsarpaviṣa-ṣaṣṭhaviṣavēgaḥ
PE-1.3.1.7,maṇḍalīsarpaviṣa-saptamaviṣavēgaḥ
PE-1.4,rājimat-sarpaviṣaḥ
PE-1.4.1,rājimat-sarpaviṣavēga
PE-1.4.1.1,rājimat sarpaviṣa-prathamaviṣavēgaḥ
PE-1.4.1.2,rājimat sarpaviṣa-dvitīya viṣavēgaḥ
PE-1.4.1.3,rājimat sarpaviṣa-tr̥tīyaviṣavēgaḥ
PE-1.4.1.4,rājimat sarpaviṣa-caturthaviṣavēgaḥ
PE-1.4.1.5,rājimat sarpaviṣa-pañcamaviṣavēgaḥ
PE-1.4.1.6,rājimat sarpaviṣa-ṣaṣṭhaviṣavēgaḥ
PE-1.4.1.7,rājimat sarpaviṣa-saptamaviṣavēgaḥ
PE-1.5,puruṣasarpadaṣṭaḥ
PE-1.6,strīsarpadaṣṭaḥ
PE-1.7,napuṁsakasarpadaṣṭaḥ
PE-1.8,garbhiṇīsarpadaṣṭaḥ
PE-1.9,sūtikāsarpadaṣṭaḥ
PE-1.10,grāsārthisarpadaṣṭaḥ
PE-1.11,vr̥ddhasarpadaṣṭaḥ
PE-1.12,bālasarpadaṣṭaḥ
PE-1.13,andhāhika sarpadaṣṭaḥ
PE-1.14,ajagarasarpadaṣṭaḥ
PE-1.15,sadyaprāṇaharasarpadaṣṭaḥ
PE-1.16,kr̥ṣṇasarpadaṁśaḥ
SQ60,śaṅkhaviṣaḥ
PE-1.18,asādhya-sarpadaṣṭaḥ
PE-2,mūṣikāviṣaḥ/ākhuviṣa
PE-2.1,lālana-mūṣikādaṣṭaḥ
PE-2.2,putraka-mūṣikādaṣṭaḥ
PE-2.3,kr̥ṣṇa-mūṣikādaṣṭaḥ
PE-2.4,haṁsira-mūṣikādaṣṭaḥ
PE-2.5,cikvira-mūṣikādaṣṭaḥ
PE-2.6,chuchundara-mūṣikādaṣṭaḥ
PE-2.7,alasa-mūṣikādaṣṭaḥ
PE-2.8,kaṣāyadanta-mūṣikādaṣṭaḥ
PE-2.9,kuliṅgaka-mūṣikādaṣṭaḥ
PE-2.10,ajita-mūṣikādaṣṭaḥ
PE-2.11,capala-mūṣikādaṣṭaḥ
PE-2.12,kapila-mūṣikādaṣṭaḥ
PE-2.13,kōkila-mūṣikādaṣṭaḥ
PE-2.14,aruṇa-mūṣikādaṣṭaḥ
PE-2.15,mahākr̥ṣṇa-mūṣikādaṣṭaḥ/undura-mūṣikādaṣṭaḥ
PE-2.16,mahāśvēta-mūṣikādaṣṭaḥ
PE-2.17,mahākapila-mūṣikādaṣṭaḥ
PE-2.18,kapōta-mūṣikādaṣṭaḥ
PE-2.19,asādhya-mūṣikāviṣaḥ
PE-3,śva/vyāla-śṟugāla-tarakṣu-r̥kṣa-vyāghrādi daṣṭa lakṣaṇa
PE-3.1,alarkaviṣaḥ/jalatrāsaḥ
PE-3.2,asādhya-alarkaviṣaḥ
PE-3.3,alarkaviṣāriṣṭaḥ
PE-4,kīṭaviṣaḥ
PE-4.1,kīṭaviṣavēgaḥ
PE-4.2,vātanimittajakīṭaviṣaḥ/vatajakīṭaviṣa
PE-4.3,pittanimittaja-kīṭaviṣaḥ/āgnēya-kīṭaviṣaḥ
PE-4.4,kaphanimittaja/kīṭaviṣaḥ
PE-4.5,sānnipātika/kīṭaviṣaḥ
PE-4.6,tīkṣṇa-kīṭaviṣaḥ
PE-4.7,manda-kīṭaviṣaḥ
SQ61,garaviṣaḥ
PE-4.9,kaṇabha-daṣṭaḥ
PE-4.10,gōdhēraka-daṣṭaḥ
PE-4.11,galagōlikādaṣṭaḥ
PE-4.12,sarṣapika/galagōlikādaṣṭaḥ
PE-4.13,śatapadī/daṣṭaḥ
PE-4.14,maṇḍūkadaṣṭaḥ
PE-4.15,viṣvambharā-daṣṭaḥ
PE-4.16,ahiṇḍuka-daṣṭaḥ
PE-4.17,kaṇḍūmakā-daṣṭaḥ
PE-4.18,śūkavr̥ntā-daṣṭaḥ
PE-4.19,pipīlikā-daṣṭaḥ
PE-4.20,makṣikā-daṣṭaḥ
PE-4.21,maśaka-daṣṭaḥ
PE-4.22,nakhāvakr̥ṣṭa viṣaḥ/nakha-dantaviṣa
PE-4.23,saviṣa-śava sparśanam
PE-4.24,saviṣa-mūtrasparśanam
PE-4.25,saviṣa-purīṣasparśanam
PE-4.26,subādhaka kīṭadaṣṭa
PE-4.27,karṇapraviṣṭa-kīṭaviṣaḥ
PE-4.28,gr̥hagōdhikādaṣṭaḥ
PE-4.29,kr̥kalāsadaṣṭaḥ
PE-4.30,ucciṭiṅgadaṣṭaḥ
PE-4.31,saviṣa-jalaukādaṣṭaḥ
PE-4.32,saviṣa-matsyadaṣṭaḥ
PE-4.33,saviṣa-prāṇidaṣṭaḥ
PE-4.34,catuṣpāda-daṣṭaḥ
PE-5,vr̥ścikaviṣaḥ
PE-5.1,mandaviṣa-vr̥ścikadaṣṭaḥ
PE-5.2,madhyaviṣa-vr̥ścikadaṣṭaḥ
PE-5.3,tīkṣṇa/mahāviṣa-vr̥ścikadaṣṭaḥ
PE-5.4,asādhyavr̥ścikāviṣaḥ
PE-6,lūtāviṣaḥ
PE-6.1,vātika-lūtāviṣaḥ
PE-6.2,paittika-lūtāviṣaḥ
PE-6.3,ślaiṣmika-lūtāviṣaḥ
PE-6.4,trimaṇḍala-lūtāviṣaḥ
PE-6.5,śvēta-lūtāviṣaḥ
PE-6.6,kapila-lūtāviṣaḥ
PE-6.7,pītikā-lūtāviṣaḥ
PE-6.8,ālā-lūtāviṣaḥ
PE-6.9,mūtra-lūtāviṣaḥ
PE-6.10,rakta-lūtāviṣa
PE-6.11,kasana-lūtāviṣaḥ
PE-6.12,sauvarṇika-lūtāviṣaḥ
PE-6.13,lājavarṇa-lūtāviṣaḥ
PE-6.14,jālinī-lūtāviṣaḥ
PE-6.15,ēṇīpada-lūtāviṣaḥ
PE-6.16,kr̥ṣṇa-lūtāviṣaḥ
PE-6.17,agnivaktra-lūtāviṣaḥ
PE-6.18,kākāṇḍika-lūtāviṣaḥ
PE-6.19,mālāguṇa-lūtāviṣaḥ
PE-6.20,lūtāviṣa-adhiṣṭhānajanyarōgaḥ
PE-6.20.1,lālā-lūtāviṣaḥ
PE-6.20.2,nakhāgradaṁśa-lūtāviṣaḥ
PE-6.20.3,daṁṣṭrā-lūtāviṣaḥ
PE-6.20.4,rajō-lūtāviṣaḥ
PE-6.20.5,purīṣa-lūtāviṣaḥ
PE-6.20.6,śukra-lūtāviṣaḥ
PE-6.21,āgnēya-lūtāviṣaḥ
PE-6.22,prāṇahara-lūtāviṣaḥ
PE-6.23,asādhya-lūtāviṣaḥ
PE-6.24,kr̥cchrasādhya-lūtāviṣaḥ
PE-6.25,lūtāviṣa-dinārdha-avasthāviśēṣaḥ
PE-6.25.1,lūtāviṣa-prathamadina-avasthāviśēṣaḥ
PE-6.25.2,lūtāviṣa-dvitīyadina-avasthāviśēṣaḥ
PE-6.25.3,lūtāviṣa-tr̥tīyadina-avasthāviśēṣaḥ
PE-6.25.4,lūtāviṣa-caturthadina-avasthāviśēṣaḥ
PE-6.25.5,lūtāviṣa-pañcamadina-avasthāviśēṣaḥ
PE-6.25.6,lūtāviṣa-ṣaṣṭhadina-avasthāviśēṣaḥ
PE-6.25.7,lūtāviṣa-saptamadina-avasthāviśēṣaḥ
Q,āhāravaiṣamyam
SQ80,hīnamātrāhāraḥ
Q-2,"atimātrāhāraḥ, āhārātiyogaḥ"
Q-3,"viruddhānnabhojanam, viruddhāhāraḥ"
Q-4,jāṅgalamāṃsātyupayogaḥ
Q-5,ēkaśēphakṣīrapānam
Q-6,"uṣṇavīrya-dravyātiyogaḥ, āgneya-dravyātiyogaḥ"
Q-7,navaguḍa-atyupayogaḥ
Q-8,śālidhānya-atiyogaḥ
Q-9,tailasevana-atiyogaḥ
Q-10,madyapānātiyōgaḥ
Q-11,dadhi-mithyopayogaḥ
Q-12,rasātiyogaḥ
Q-12.1,madhurarasātiyōgaḥ
Q-12.2,amlarasātiyōgaḥ
Q-12.3,lavaṇarasātiyōgaḥ
Q-12.4,kaṭurasātiyōgaḥ
Q-12.5,tiktarasātiyōgaḥ
Q-12.6,kaṣāyarasātiyōgaḥ
R,vihāravaiṣamyam
RA,nidrā-vaiṣamyam
SQ24,nidrānāśaḥ
RA-2,akālaśayanam
RA-3,divāsvapnaḥ
RA-4,divāsvapna-upadravaḥ
RB,ṛtucaryā-vaiṣamyam
RB-1,ṛtu-apacāraḥ
RC,snāna-vaiṣamyam
RC-1,uṣṇajala-śiraḥsnānaḥ
RD,vēgāvarōdhaḥ
SS2E,adhovātavegāvarodhaḥ
SS28,aśruvegarodhaḥ
SS29,chardivegarodhaḥ
RD-4,hikkāvēgarōdhaḥ
SS21,jṛmbhāvegarodhaḥ
SS27,kṣavathuvegarodhaḥ
SS25,mūtravegarodhaḥ
SS26,nidrāvegarodhaḥ
SS2A,purīṣavegarodhaḥ
SS2B,śramaśvāsavegarodhaḥ
SS23,śukravegarodhaḥ
SS2D,tṛṣṇāvegarodhaḥ
RD-13,udgāragrahaḥ
SS2C,kṣudvegarodhaḥ
RE,vyavāya-vaiṣamyam/maithunāpacāraḥ
RE-1,"vyavāyamithyāyogaḥ, mithyāvyavāya"
RE-2,vyavāyātiyogaḥ
RF,vyāyāma-vaiṣamyam
RF-1,"ativyāyāmaḥ,"
RF-2,avyāyāmaḥ
S,cikitsāpacāraḥ
SA,snēhana-apacāraḥ
SA-1,snēhana-ayōgaḥ
SA-2,snēhana-atiyōgaḥ
SA-3,snēhana-mithyāyōgaḥ/mithyāsnēhanam/snēhana-vyāpadaḥ/snēhavibhramaḥ
SB,svēdana-apacāraḥ
SB-1,svēdana-ayōgaḥ
SB-2,svēdana-atiyōgaḥ
SC,rūkṣaṇa-apacāraḥ
SC-3,rūkṣaṇa-atiyōgaḥ
SD,stambhana-apacāraḥ
SD-1,stambhana-atiyōgaḥ
SD-2,āmātisārasaṅgrahaḥ
SD-3,aśuddharaktastaṁbhanam
SD-4,akṣīṇabalamāṁsasya raktapitta-stambhanam
SE,laṅghana-apacāraḥ
SE-1,laṅghana atiyōga lakṣaṇam
SF,br̥ṁhaṇa-apacāraḥ
SF-1,br̥ṁhaṇa-atiyōgaḥ
SG,vamana-apacāraḥ
SG-1,vamana-ayōgaḥ
SG-2,vamana-atiyōgaḥ
SG-3,vamana-mithyāyōgaḥ/avamyānāṁ vamanavyāpadaḥ
SG-3.1,kṣatasya vamanavyāpadaḥ
SG-3.2,kṣīṇātisthūlakr̥śabālavr̥̄ddhadurbalānāmauṣadhabalāsahatvāt
SG-3.3,śramārtamattamūrcchitānāṁ nasyavyāpadaḥ
SG-3.4,karmabhārādhvahtōpavāsamaithunādhyayanavyāyāmacintāprasakta v
SG-3.5,garbhiṇyā vamanavyāpadaḥ
SG-3.6,sukumārasya vamanavyāpadaḥ
SG-3.7,saṁvr̥takōṣṭhasya vamanavyāpadaḥ
SG-3.8,ūrdhvagaraktapitta vamanasya vyapadaḥ
SG-3.9,prasaktacchardē vamanavyāpadaḥ
SG-3.10,ūrdhvavātāsthāpitānuvāsitānāṁ vamanavyāpadaḥ
SG-3.11,hr̥̄drōgiṇa vamanavyāpadaḥ
SG-3.12,udāvartā vamanasya vyapadaḥ
SG-3.13,mūtrāghātaplīhagulmōdarāṣṭhīlāsvarōpaghātārtānāṁ vamanavyāpadaḥ
SG-3.14,timira vamanasya vyapadaḥ
SG-3.15,śiraḥśaṅkhakarṇākṣiśūlārtānāṁ vamanavyāpadaḥ
SG-4,vamana-vyāpadaḥ
SG-4.1,ādhmānam-vamanavyāpad
SG-4.2,parikartikā-vamanavyāpad
SG-4.3,parisrāvaḥ-vamanavyāpad
SG-4.4,hr̥̄dayōpasaraṇam/hr̥dagraha virēcanavyāpad
SG-4.5,gātragraha vamana vyāpada
SG-4.6,jīvādānam vamanavyāpad
SG-4.7,vibhraṁśa: vamanavyāpad
SG-4.8,stambhaḥ vamana vyāpada
SG-4.9,upadravaḥ vamana vyāpada
SG-4.10,klamaḥ vamana vyāpad
SG-4.11,vātaśūlavyāpat
SG-5,pravr̥ttavamanam/dattavamanam
SH,virēcanakarma-cikitsāpacāraḥ
SH-1,virēcanātiyōga
SH-2,virēcanāyōga
SH-3,mithyāvirēcanam/virēcanamithyāyōgaḥ/avirēcyānāṁ virēcanavyāpadaḥ
SH-3.1,subhaga virēcanasya-vyapadaḥ
SH-3.2,sukumārasya virēcanavyāpadaḥ
SH-3.3,kṣatagudasya virēcanasya-vyapadaḥ
SH-3.4,muktanāla virēcanasya-vyapadaḥ
SH-3.5,adhōbhāgaraktapittina virēcanavyāpad
SH-3.6,vilaṅghitadurbalēndriyālpāgninirūḍhāṇāṁ virēcanavyāpadaḥ
SH-3.7,kāmādivyagramanasō virēcanasya-vyapadaḥ
SH-3.8,ajīrṇina virēcanavyāpadaḥ
SH-3.9,navajvari virēcanasya-vyapadaḥ
SH-3.10,madātyayita virēcanasya-vyapadaḥ
SH-3.11,ādhmātasya virēcanavyāpadaḥ
SH-3.12,śalyārditasya virēcanavyāpadaḥ
SH-3.13,abhighātina virēcanavyāpadaḥ
SH-3.14,atisnigdha virēcanasya-vyāpad
SH-3.15,atirukṣasya virēcanavyāpad
SH-3.16,dāruṇakōṣṭhasya virēcanavyāpadaḥ
SH-4,virēcana/vyāpadaḥ
SH-4.1,ādhmānam-virēcanavyāpad
SH-4.2,parikartikā-virēcanavyāpad
SH-4.3,parisrāvaḥ virēcanavyāpad
SH-4.4,hr̥̄dayōpasaraṇam/hr̥dagraha virēcanavyāpad
SH-4.5,gātragraha virēcana vyāpada
SH-4.6,jīvādānam virēcanavyāpad
SH-4.7,vibhraṁśa: virēcanavyāpad
SH-4.8,stambhaḥ virēcana vyāpada
SH-4.9,upadravaḥ virēcana vyāpada
SH-4.10,klamaḥ virēcana vyāpad
SH-4.11,vibandhavyāpat
SH-5,sāvaśēṣauṣadha-vyāpad
SI,bastikarma-cikitsāpacāraḥ
SI-1,bastivyāpadaḥ
SI-1.1,ayōga basti vyāpad
SI-1.2,atiyōga-bastivyāpad
SI-1.3,klama-bastivyāpad
SI-1.4,ādhmāna-bastivyāpad
SI-1.5,hikkā-bastivyāpad
SI-1.6,hr̥tprāpti-bastivyāpad
SI-1.7,ūrdhvatā basti vyāpad
SI-1.8,pravāhikā basti vyāpad
SI-1.9,śirō arti basti vyāpad
SI-1.10,aṅgārti-bastivyāpad
SI-1.11,parikartikā basti vyāpad
SI-1.12,parisrāva-bastivyāpad
SI-2,āsthāpana/nirūha basti karma cikitsāpacāra
SI-2.1,nirūha-atiyōgaḥ
SI-2.2,nirūhabasti-ayōgaḥ
SI-2.3,nirūha-mithyāyōga/āsthāpanasya vyāpadaḥ
SI-2.3.1,ajīrṇa-atisnigdha-pītasnēhānāṁ āsthāpanavyāpadaḥ
SI-2.3.2,"utkliṣṭadōṣa, mandāgnēra āsthāpanasya vyāpadaḥ"
SI-2.3.3,yānaklāntasya āsthāpanasya vyāpadaḥ
SI-2.3.4,atidurbala-kṣutārta-tr̥ṣṇārta-śramārtānāṁ āsthāpanavyāpadaḥ
SI-2.3.5,atikr̥śasya āsthāpanavyāpadaḥ
SI-2.3.6,"bhuktabhakta,pītōdakasya āsthāpanasya vyāpadaḥ"
SI-2.3.7,vamitaviriktayō āsthāpanavyāpadaḥ
SI-2.3.8,kr̥tanasta:karmaṇa
SI-2.3.9,kruddhabhītayō āsthāpanavyāpadaḥ
SI-2.3.10,matta mūrcchitayōra āsthāpanasya vyāpadaḥ
SI-2.3.11,prasakta cchardirniṣṭhīvikā śvāsa kāsahikkārtānāṁ āsthāpanas
SI-2.3.12,baddhacchidrōdakōdarādhmānārtānāṁ āsthāpanavyāpadaḥ
SI-2.3.13,alasakavisūcikāmaprajātāmātisāriṇāṁ āsthāpanavyāpadaḥ
SI-2.3.14,madhumēhakuṣṭhinō āsthāpanavyāpadaḥ
SI-3,anuvāsana/snēha bastikarma cikitsāpacāraḥ
SI-3.1,anuvāsanātiyōgaḥ/snēhabasti-atiyōgaḥ
SI-3.2,anuvāsanavastyayōgaḥ/snēhabasti-ayōgaḥ
SI-3.3,anuvāsana-mithyāyōgaḥ
SI-3.3.1,abhuktabhaktasya anuvāsanavyāpadaḥ
SI-3.3.2,navajvara pāṇḍurōga kāmalā pramēhiṇāṁ anuvāsanasya vyāpadaḥ
SI-3.3.3,arśasasya anuvāsanavyāpadaḥ
SI-3.3.4,arōcakārtasya anuvāsanasya vyāpadaḥ
SI-3.3.5,mandāgni-durbalayōḥ anuvāsanavyāpadaḥ
SI-3.3.6,pratiśyāyaplīhādimatāṁ anuvāsanavyāpadaḥ
SI-3.4,snēhabastivyāpadaḥ
SI-3.4.1,vātāvr̥tasnēha-snēhabastivyāpad
SI-3.4.2,pittāvr̥tasnēha-snēhabastivyāpad
SI-3.4.3,ślēṣmāvr̥tasnēha-snēhabastivyāpad
SI-3.4.4,aśanāvr̥tasnēha-snēhabastivyāpad
SI-3.4.5,viḍāvr̥tasnēha-snēhabastivyāpad
SI-3.4.6,abhuktapraṇīta-snēhabastivyāpad
SI-4,yāpanabasti-atiyōgaḥ
SJ,raktamōkṣaṇa-apacāraḥ
SJ-1,raktamōkṣaṇa-ayōgaḥ
SJ-2,raktamōkṣaṇa-atiyōgaḥ
SJ-3,raktamōkṣamithyāyōga
SJ-4,duṣṭaraktastaṁbhanam
SK,nasyakarma-cikitsāpacāraḥ
SK-1,nasya-atiyōgaḥ
SK-2,nasya-ayōgaḥ
SK-3,nasya-mithyāyōgaḥ/śirōvirēcanamithyāyōgaḥ/nasyavyāpadaḥ
SK-3.1,ajīrṇi-bhuktabhaktayōrnasyavyāpadaḥ
SK-3.2,pītasnēhamadyatōyapātukāmānāṁ nasyavyāpadaḥ
SK-3.3,snātaśirasaḥ nasyavyāpadaḥ
SK-3.4,kṣudhārtasya nasyavyāpadaḥ
SK-3.5,tr̥ṣṇārtasya nasyavyāpadaḥ
SK-3.6,śrāntapipāsitakṣudhitānāṁ vamanavyāpadaḥ
SK-3.7,śastradaṇḍahatayō nasyavyāpadaḥ
SK-3.8,vyavāyavyāyāmapānaklāntānāṁ nasyavyāpadaḥ
SK-3.9,navajvaraśōkābhitaptayō nasyavyāpadaḥ
SK-3.10,viriktasya nasyavyāpadaḥ
SK-3.11,anuvāsitasya nasyavyāpadaḥ
SK-3.12,garbhiṇyā nasyavyāpadaḥ
SK-3.13,navapratiśyāyārtasya nasyavyāpadaḥ
SK-3.14,anr̥tau durdinē ca nasyavyāpadaḥ
SK-4,snēhananasya-ayōgaḥ/hīnayōgaḥ
SK-5,snēhananasya-atiyōgaḥ
SK-6,śirōvirēcananasya-ayōgaḥ/hīnayōgaḥ
SK-7,śirōvirēcananasya-atiyōgaḥ
SL,dhūmapāna-apacāraḥ
SL-1,akāladhūmapānaḥ
SL-2,dhūmapāna-ayōgaḥ
SL-3,dhūmapāna-atiyōgaḥ
SL-4,dhūmapānamithyāyōga
SM,kavala-cikitsāpacāraḥ
SM-1,kavala-hīnayōgaḥ
SM-2,kavala-atiyōgaḥ
SN,āścyōtana-apacāraḥ
SN-1,āścyōtana-ayōgaḥ
SN-2,āścyōtana-atiyōgaḥ
SN-3,atiśīta-āścyōtanaḥ
SN-4,atyuṣṇatīkṣṇa-āścyōtanaḥ
SN-5,aparisruta-āścyōtanaḥ
SO,añajana-apacāraḥ
SO-1,añjana-mithyāyōgaḥ
SO-2,añjanātiyōgaḥ
SO-3,lēkhanāñjana-apacāraḥ
SO-3.1,lēkhanāñjana-ayōgaḥ
SO-3.2,lēkhanāñjana-atiyōgaḥ
SO-4,prasādāñjana-apacāraḥ
SO-4.1,prasādāñjana-ayōgaḥ
SO-4.2,prasādanāñjana-atiyōgaḥ
SO-5,rōpaṇāñjana-apacāraḥ
SO-5.1,rōpaṇāñjana-ayōgaḥ
SO-5.2,rōpaṇāñjana-atiyōgaḥ
SP,tarpaṇa-apacāraḥ
SP-1,tarpaṇa-hīnayōgaḥ
SP-2,tarpaṇa-atiyōgaḥ
SQ,puṭapāka-apacāraḥ
SQ-1,puṭapāka-hīnayōgaḥ
SQ-2,puṭapāka-atiyōgaḥ
SR,parihārakāla-vyāpadaḥ/aparihārasēvana
SR-1,parihārakālē uccabhāṣyam
SR-2,parihārakālē rathakṣōbhaḥ
SR-3,parihārakālē aticaṅkramaṇam
SR-4,parihārakālē ati-āsana
SR-5,parihārakālē ajīrṇādhyaśana
SR-6,parihārakālē ahitabhōjanam
SR-7,parihārakālē divāsvapnaḥ
SR-8,parihārakālē maithunam
SS,śastrakarma-apacāraḥ
SS-1,śastrakṣārāgnivibhrama
SS-2,karṇavyadhajanyarōgaḥ
SS-2.1,kālikā
SS-2.2,marmarikā
SS-2.3,lōhitikā
SS-3,karṇavyadhakālē sandhānasya ayōgaḥ
SS-3.1,vātaduṣṭaraktam
SS-3.2,pittaduṣṭaraktakōpa
SS-3.3,kaphaduṣṭa-raktaḥ
SS-3.4,atipravr̥tta-raktaḥ
SS-3.5,alpapravr̥tta-raktaḥ
SS-4,liṅganāśa-mithyāvēdhanam
SS-5,lēkhana-atiyōgaḥ
SS-6,lēkhana-ayōgaḥ
ST,kṣāra-karma-apacāraḥ
ST-1,kṣāra-vibhramaḥ
ST-2,kṣārapāna-atiyōgaḥ
ST-3,kṣāra-atidagdhaḥ
ST-3.1,kṣāra-atidagdha-gudaḥ
ST-3.2,kṣāra-atidagdha-nāsā
ST-3.3,kṣāra-atidagdha-nētram
ST-3.4,kṣāra-atidagdha-śrōtram
ST-4,kṣāra-hīnadagdhaḥ/durdagdha
SU,agnikarma-apacāraḥ
SU-1,agnivibhrama
SU-1.1,agni-atidagdhaḥ
SU-1.1.1,atidagdha-nāsā
SU-1.1.2,atidagdha-guda
SU-1.1.3,atidagdha-arśaḥ
SU-1.2,durdagdham
SU-1.3,hīnadagdha-arśaḥ
SU-1.4,tutthadagdhaḥ
SW,vraṇa-apacāraḥ
SW-1,abudhnavraṇaḥ
SW-2,adhyaśana-vraṇaḥ
SW-3,ajīrṇabhōjana-vraṇaḥ
SW-4,ātirūkṣavraṇavarti-upayōgaḥ
SW-5,atisnigdhavraṇavarti-upayōgaḥ
SW-6,gāḍhabandhana-vraṇaḥ
T,vikāraḥ-saṅkīrṇa
PAT,prākr̥tikaḥ
U,samyak-cikitsā
U-1,samyak-snēhanam
U-2,samyak-svēdanam
U-3,samyak-rūkṣaṇam
U-4,samyak-staṁbhanam
U-5,samyak-laṅghanam
U-6,samyak-br̥ṁhaṇam
U-7,samyak-vamanam
U-8,samyak-virēcanam
U-9,samyak-bastiḥ
U-9.1,samyak-nirūhabastiḥ
U-9.2,samyak-anuvāsana-bastiḥ
U-10,samyak-nasyam
U-11,samyak-snēhana-nasyam
U-12,samyak-kavalaḥ
U-13,samyak-gaṇḍūṣaḥ
U-14,samyak-tarpaṇam
U-15,samyak-puṭapākaḥ
U-16,samyak-āścyōtanaḥ
U-17,samyak-lēkhanāñjanam
U-18,samyak-prasādāñjana
U-19,samyak-dhūmapānaḥ
U-20,samyak-raktamōkṣaṇam
U-21,samyak-jalūkāvacaraṇam
U-22,samyak-agnikarmaḥ
U-23,samyak-kṣārakarmaḥ
V,svābhāvikaḥ
VA,prakr̥tiḥ
SS50,vātaprakr̥tiḥ
SS51,pittaprakr̥tiḥ
SS52,kaphaprakr̥tiḥ
SS53,vātapittaprakr̥tiḥ
SS54,pittakaphaprakr̥tiḥ
SS55,kaphavātaprakr̥tiḥ
SS56,"tridōṣajaprakr̥tiḥ,"
VB,prākr̥ta-dōṣa-karmaḥ
VB-1,avikr̥tavāta-karmaḥ
VB-2,avikr̥ta-pittakarmaḥ
VB-3,avikr̥ta-kaphakarmaḥ
VC,prākr̥ta-dhātu-karmaḥ
VC-1,prākr̥ta-rasakarmaḥ
VC-2,prākr̥ta-raktakarmaḥ
VC-3,prākr̥ta-māṁsakarmaḥ
VC-4,prākr̥ta-mēdōkarmaḥ
VC-5,prākr̥ta-asthikarmaḥ
VC-6,prākr̥ta-majjākarmaḥ
VC-7,śuddha-ārtavakarmaḥ
VC-8,śuddhaśukra-karmaḥ
VC-9,avikr̥ta-mūtrakarmaḥ
VC-10,avikr̥tapurīṣa-karmaḥ
VC-11,śuddhastanya-karmaḥ
VD,sāraḥ
VD-1,tvaksāraḥ
VD-2,raktasāraḥ
VD-3,māṁsa-sāraḥ
VD-4,mēdōsāraḥ
VD-5,asthisāraḥ
VD-6,majjāsāraḥ
VD-7,śukrasāraḥ
VD-8,ōjōsāraḥ
VD-9,sattvasāraḥ
VD-10,sarvasāraḥ
VE,kāyaḥ
VE-1,satvakāyaḥ
VE-1.1,brahmakāyaḥ brāhmasattvaṃ
VE-1.2,māhēndrakāyaḥ aindrasattvaṃ
VE-1.3,vāruṇakāyaḥ vāruṇasattvaṃ
VE-1.4,kaubērakāyaḥ kauberasattvaṃ
VE-1.5,gandharvakāyaḥ gāndharvasattvaṃ
VE-1.6,yāmyakāyaḥ yāmyasattvaṃ
VE-1.7,"r̥ṣikāyaḥ ṛṣisattvaṃ, ārṣasattvaṃ"
VE-2,rājasikakāya
VE-2.1,āsurakāyaḥ āsurasattvaṃ
VE-2.2,sarpakāyaḥ sarpasattvaṃ
VE-2.3,śākunikāyaḥ śākunasattvaṃ
VE-2.4,rākṣasakāyaḥ/ rākṣasasattvaṃ
VE-2.5,paiśācakāyaḥ/ paiśācasasattvaṃ
VE-2.6,prētakāyaḥ/ pretasattvaṃ
VE-3,tāmasikakāya
VE-3.1,pāśavakāyaḥ pāśavasattvaṃ
VE-3.2,matsyakāyaḥ mātsyasattvaṃ
VE-3.3,vānaspatyakāyaḥ
VF,vayaḥ/kālaḥ
VF-1,r̥tukālaḥ-r̥tumatiḥ
VF-2,vārdhakyam
VF-3,maraṇam
VG,garbhaḥ
VG-1,upasthitagarbhaḥ
VG-2,sadyōgarbhaḥ
VG-3,vyaktagarbhaḥ
VG-4,garbhavr̥ddhiḥ
VG-4.1,prathamamāsa-garbhaḥ
VG-4.2,dvitīyamāsa-garbhaḥ
VG-4.3,tr̥tīyamāsa-garbhaḥ
VG-4.4,caturthamāsa-garbhaḥ
VG-4.5,pañcamamāsa-garbhaḥ
VG-4.6,ṣaṣṭamamāsa-garbhaḥ
VG-4.7,saptamamāsa-garbhaḥ
VG-4.8,aṣṭamamāsa-garbha:
VG-5,prajāyanī-prajananakālaḥ
VG-6,upasthitaprasavaḥ
VG-7,āsannaprasavaḥ
VG-8,sūtikā
VH,prākr̥ta-śarīravyāpāraḥ
VH-1,jīrṇāhāraḥ
VH-2,prākr̥ta-avayavaḥ/aṅgam/indriyam
VH-3,śrēṣṭha-avayavaḥ
VH-4,prākr̥ta-vihāraḥ
VH-4.1,vyāyāmaḥ
V-1,jvaramōkṣaḥ
V-2,vigatajvaraḥ/muktajvaraḥvyādhi-viniścayaḥ
W,prākr̥titaḥ-saṅkīrṇa
ABB-42,hāridranētra
ABB-43,hāridramūtra
ABB-44,hāridravarcha
AAB-112(SK52),grīvāhuṇḍanam
ACB-30,śvētamūtratvam
ACB-31,śvētanētratvam
ED-6.10,rōmāṁtikā
MC,duṣṭastanyapānajanyarōgaḥ
MD,bālarōgaḥ-saṅkīrṇa
CZ,nan
SM34(AAC-12.4),vibandha
EJ-4.11,vṛkkarogaḥ
EJ-4.11.1,vṛkkarogaḥ-pūrvarupam
EJ-4.11.2,vṛkkarogaḥ-upadravaḥ
VH-5,svastha
GGGGGQ,GGGGQ
