namaste_code,namaste_system,icd_code,relationship
SR11 (AAA-1),ayurveda,SR11,equivalent
SR12 (AAA-2),ayurveda,SR12,equivalent
SR10  (AAA-2.1),ayurveda,SR10,equivalent
SR13(AAA-3),ayurveda,SR13,equivalent
SR14 (AAA-4),ayurveda,SR14,equivalent
SQ00 (AAB-1),ayurveda,SQ00,equivalent
SQ00 (AAB-1),ayurveda,SQ00,equivalent
SQ05(AAB-2),ayurveda,SQ05,equivalent
AAB-3 (SP9Y),ayurveda,SP9Y,equivalent
AAB-4 (SP9Y),ayurveda,SP9Y,equivalent
SP21 (AAB-5),ayurveda,SP21,equivalent
SM1P (AAB-7),ayurveda,SM1P,equivalent
SK84 (AAB-15),ayurveda,SK84,equivalent
SL02 (AAB-22),ayurveda,SL02,equivalent
AAB-25 (SM1Y),ayurveda,SM1Y,equivalent
SP97 (AAB-26),ayurveda,SP97,equivalent
SN41 (AAB-27),ayurveda,SN41,equivalent
SP61 (AAB-29),ayurveda,SP61,equivalent
SN4C (AAB-30),ayurveda,SN4C,equivalent
SP45 (AAB-33),ayurveda,SP45,equivalent
SM50 (AAB-35),ayurveda,SM50,equivalent
AAB-36 (SP1Y),ayurveda,SP1Y,equivalent
SK91 (AAB-38),ayurveda,SK91,equivalent
AAB-39(SP1Y),ayurveda,SP1Y,equivalent
AAB-40 (SP1Y),ayurveda,SP1Y,equivalent
SP95 (AAB-41),ayurveda,SP95,equivalent
AAB-42(SP98),ayurveda,SP98,equivalent
AAB-44 (SN9Y),ayurveda,SK54,equivalent
AAB-44 (SN9Y),ayurveda,SN9Y,equivalent
AAB-45 (SP9Y),ayurveda,SP9Y,equivalent
AAB-46(SK30),ayurveda,SK30,equivalent
AAB-48 (SM1Y),ayurveda,SM1Y,equivalent
SN60(AAB-49),ayurveda,SN60,equivalent
AAB-50(SN7Y),ayurveda,SN7Y,equivalent
AAB-53(SK21),ayurveda,SK21,equivalent
AAB-54(SK5Y),ayurveda,SK5Y,equivalent
AAB-55(SP4Y),ayurveda,SP4Y,equivalent
AAB-56(SP45),ayurveda,SP45,equivalent
SN4R(AAB-57),ayurveda,SN4R,equivalent
AAB-59(SP9Y),ayurveda,SP9Y,equivalent
SP42(AAB-61),ayurveda,SP42,equivalent
AAB-64(SP4Y),ayurveda,SP4Y,equivalent
AAB-65(SP9Y),ayurveda,SP9Y,equivalent
AAB-66(SP9Y),ayurveda,SP9Y,equivalent
AAB-68(SM7Y),ayurveda,SM7Y,equivalent
AAB-72(SK5Y),ayurveda,SK5Y,equivalent
SM1N(AAB-74),ayurveda,SM1N,equivalent
SM81(AAB-75),ayurveda,SM81,equivalent
SN42(AAB-77),ayurveda,SN42,equivalent
AAB-78(SP9Y),ayurveda,SP9Y,equivalent
AAB-79(SK0Y),ayurveda,SK0Y,equivalent
AAB-80(SP1Y),ayurveda,SP1Y,equivalent
AAB-82(SK7Y),ayurveda,SK7Y,equivalent
AAB-83(SP9Y),ayurveda,SP9Y,equivalent
AAB-84(SP9Y),ayurveda,SP9Y,equivalent
SK53(AAB-85),ayurveda,SK53,equivalent
AAB-86(SP9Y),ayurveda,SP9Y,equivalent
AAB-87(SP1Y),ayurveda,SP1Y,equivalent
AAB-87(SP1Y),ayurveda,SP1Y,equivalent
AAB-88(SP9Y),ayurveda,SP9Y,equivalent
AAB-89(SM37),ayurveda,SM37,equivalent
AAB-92(SN3Y),ayurveda,SN3Y,equivalent
AAB-93(SP4Y),ayurveda,SP4Y,equivalent
AAB-94(SP9Y),ayurveda,SP9Y,equivalent
AAB-95(SL7Y),ayurveda,SL7Y,equivalent
SN03(AAB-97),ayurveda,SN03,equivalent
SN07(AAB-99),ayurveda,SN07,equivalent
AAB-100(SP9Y),ayurveda,SP9Y,equivalent
AAB-103(SP9Y),ayurveda,SP9Y,equivalent
AAB-105(SP9Y),ayurveda,SP9Y,equivalent
AAB-107(SK52),ayurveda,SK52,equivalent
AAB-108(SP4Y),ayurveda,SP4Y,equivalent
SL62(AAB-110),ayurveda,SL62,equivalent
SL60(AAB-111),ayurveda,SL60,equivalent
AAC-1(SK30),ayurveda,SK30,equivalent
AAC-2(SK30),ayurveda,SK30,equivalent
AAC-3(SK30),ayurveda,SK30,equivalent
SK20(AAC-4),ayurveda,SK20,equivalent
AAC-5(SP0Y),ayurveda,SP0Y,equivalent
SP00(AAC-6),ayurveda,SP00,equivalent
SN08(AAC-7),ayurveda,SN08,equivalent
SP15(AAC-8),ayurveda,SP15,equivalent
SK55(AAC-9),ayurveda,SK55,equivalent
AAC-9.2(SK55),ayurveda,SK55,equivalent
AAC-10(SP2Y ),ayurveda,SP2Y,equivalent
SK30(AAC-11),ayurveda,SK30,equivalent
SM31(AAC-12),ayurveda,SM31,equivalent
AAC-12.1(SM31),ayurveda,SM31,equivalent
AAC-12.1(SM31),ayurveda,SM31,equivalent
AAC-13.1(SK30),ayurveda,SK30,equivalent
SM75(AAC-14),ayurveda,SM75,equivalent
AAC-15(SK22),ayurveda,SK22,equivalent
AAC-16(SK5Y),ayurveda,SK5Y,equivalent
AAC-17(SP10),ayurveda,SP10,equivalent
SP20(AAC-19),ayurveda,SP20,equivalent
SP41(AAC-20),ayurveda,SP41,equivalent
AAC-21(SK22),ayurveda,SK22,equivalent
SM83(AAC-22),ayurveda,SM83,equivalent
AAC-239(SK30),ayurveda,SK30,equivalent
AAC-24.3,ayurveda,SK22,equivalent
AAC-25(SP9Y),ayurveda,SP9Y,equivalent
AAC-26(SP9Y),ayurveda,SP9Y,equivalent
AAC-27(SM83),ayurveda,SM83,equivalent
AAC-29,ayurveda,SK30,equivalent
SK21(AAC-30),ayurveda,SK21,equivalent
SL21(AAC-31),ayurveda,SL21,equivalent
AAC-32,ayurveda,SP44,equivalent
SL07(AAC-33),ayurveda,SL07,equivalent
SP40(AAC-34),ayurveda,SP40,equivalent
SK51(AAC-35),ayurveda,SK51,equivalent
SK52(AAC-36),ayurveda,SK52,equivalent
AAC-37,ayurveda,SK5Y,equivalent
AAC-39(SL7Y),ayurveda,SL7Y,equivalent
SR20(AAD),ayurveda,SR20,equivalent
AAD-2.1(SR20),ayurveda,SR20,equivalent
AAD-2.2(SR20),ayurveda,SR20,equivalent
AAD-2.3(SR20),ayurveda,SR20,equivalent
AAD-2.4(SR20),ayurveda,SR20,equivalent
AAD-2.5(SR20),ayurveda,SR20,equivalent
AAD-2.6(SR20),ayurveda,SR20,equivalent
AAD-2.7(SR20),ayurveda,SR20,equivalent
AAD-2.8(SR20),ayurveda,SR20,equivalent
AAD-2.9(SR20),ayurveda,SR20,equivalent
AAD-2.10(SR20),ayurveda,SR20,equivalent
AAD-2.11(SR20),ayurveda,SR20,equivalent
AAD-2.12(SR20),ayurveda,SR20,equivalent
AAD-3.1(SR20),ayurveda,SR20,equivalent
AAD-3.2(SR20),ayurveda,SR20,equivalent
AAD-3.3(SR20),ayurveda,SR20,equivalent
AAD-3.4(SR20),ayurveda,SR20,equivalent
AAD-3.5(SR20),ayurveda,SR20,equivalent
AAD-3.6(SR20),ayurveda,SR20,equivalent
AAD-3.7(SR20),ayurveda,SR20,equivalent
AAD-4(SR20),ayurveda,SR20,equivalent
AAD-4.1(SR20),ayurveda,SR20,equivalent
AAD-5(SR20),ayurveda,SR20,equivalent
SP12(AAE-16),ayurveda,SP12,equivalent
SR16(ABA-1),ayurveda,SR16,equivalent
SR17(ABA-2),ayurveda,SR17,equivalent
SR15(ABA-2.1),ayurveda,SR15,equivalent
SR18(ABA-3),ayurveda,SR18,equivalent
SR19(ABA-4),ayurveda,SR19,equivalent
ABB-1(SK7Y),ayurveda,SK7Y,equivalent
SN44(ABB-2),ayurveda,SN44,equivalent
ABB-3(SP9Y),ayurveda,SP9Y,equivalent
ABB-5(SM7Y),ayurveda,SM7Y,equivalent
ABB-6(SM7Y),ayurveda,SM7Y,equivalent
ABB-7(SM3Y),ayurveda,SM3Y,equivalent
ABB-8(SP9Y),ayurveda,SP9Y,equivalent
SM10(ABB-9),ayurveda,SM10,equivalent
SM10(ABB-9),ayurveda,SM10,equivalent
ABB-10(SP9Y),ayurveda,SP9Y,equivalent
ABB-11(SP9Y),ayurveda,SP9Y,equivalent
ABB-21(SP9Y),ayurveda,SP9Y,equivalent
ABB-22(SP9Y),ayurveda,SP9Y,equivalent
ABB-23(SP9Y),ayurveda,SP9Y,equivalent
ABB-24(SP9Y),ayurveda,SP9Y,equivalent
SM15(ABB-27),ayurveda,SM15,equivalent
ABB-28(SP9Y),ayurveda,SP9Y,equivalent
ABB-29(SP2Y),ayurveda,SP2Y,equivalent
ABB-30(SP9Y),ayurveda,SP9Y,equivalent
SN00(ABB-31),ayurveda,SN00,equivalent
ABB-35(SN5Y),ayurveda,SN5Y,equivalent
ABB-37(SP9Y),ayurveda,SP9Y,equivalent
ABB-45(SN9Y),ayurveda,SN9Y,equivalent
ABB-45(SN9Y),ayurveda,SN9Y,equivalent
SR1B(ACA-1),ayurveda,SR1B,equivalent
SR1C(ACA-2),ayurveda,SR1C,equivalent
SR1A(ACA-2.1),ayurveda,SR1A,equivalent
SR1D(ACA-3),ayurveda,SR1D,equivalent
SR1E(ACA-4),ayurveda,SR1E,equivalent
ACB-2(SM3B),ayurveda,SM3B,equivalent
SP96(ACB-3),ayurveda,SP96,equivalent
ACB-7(SR0Y),ayurveda,SR0Y,equivalent
ACB-14(SP9Y),ayurveda,SP9Y,equivalent
ACB-15(SQ4Y),ayurveda,SQ4Y,equivalent
ACB-16(SM7Y),ayurveda,SM7Y,equivalent
SL72(ACB-17),ayurveda,SL72,equivalent
SQ40(ACB-18),ayurveda,SQ40,equivalent
ACB-21(SM1Y),ayurveda,SM1Y,equivalent
ACB-23(SM3B),ayurveda,SM3B,equivalent
ACB-24(SM7Y),ayurveda,SM7Y,equivalent
ACB-27(SP9Y),ayurveda,SP9Y,equivalent
ACB-28(SL6Y),ayurveda,SL6Y,equivalent
ACB-29(SK5Y),ayurveda,SK5Y,equivalent
SR40(B),ayurveda,SR40,equivalent
SR42(BA-1),ayurveda,SR42,equivalent
SR41(BA-2),ayurveda,SR41,equivalent
SR44(BB-1),ayurveda,SR44,equivalent
SR43(BB-2),ayurveda,SR43,equivalent
SR46(BC-1),ayurveda,SR46,equivalent
SR45(BC-2),ayurveda,SR45,equivalent
SR48(BD-1),ayurveda,SR48,equivalent
SP62(BD-2),ayurveda,SP62,equivalent
SR4A(BE-1),ayurveda,SR4A,equivalent
SR49(BE-2),ayurveda,SR49,equivalent
SR4C(BF-1),ayurveda,SR4C,equivalent
SR4B(BF-2),ayurveda,SR4B,equivalent
SR4E(BG-1),ayurveda,SN03,equivalent
SR4D(BG-2),ayurveda,SR4D,equivalent
SR4D(BG-2),ayurveda,SR4D,equivalent
SR4K(BA-3.1),ayurveda,SR4K,equivalent
SR4J(BA-3.2),ayurveda,SR4J,equivalent
SN10(BA-4.1),ayurveda,SN10,equivalent
SR4L(BA-4.2),ayurveda,SR4L,equivalent
SP93(BH),ayurveda,SP93,equivalent
SR4F(BH-1),ayurveda,SR4F,equivalent
SR4H(BH-2),ayurveda,SR4H,equivalent
SR4G(BH-3),ayurveda,SR4G,equivalent
SP5B (BI),ayurveda,SP5B,equivalent
SN45(CC-2),ayurveda,SN45,equivalent
SR83 (CA-1),ayurveda,SR83,equivalent
SR82(CA-2),ayurveda,SR82,equivalent
SR81 (CB-1),ayurveda,SR81,equivalent
SR80(CB-2),ayurveda,SR80,equivalent
SR86(CB-3),ayurveda,SR86,equivalent
SR85(CC-1),ayurveda,SR85,equivalent
SS10(D),ayurveda,SS10,equivalent
SS15(DA),ayurveda,SS15,equivalent
SS15(DA),ayurveda,SS15,equivalent
SS13(DB-1.1),ayurveda,SS13,equivalent
SS13(DB-1.1),ayurveda,SS13,equivalent
SS11(DB-2),ayurveda,SS11,equivalent
SS12(DB-3),ayurveda,SS12,equivalent
SS14(DB-4),ayurveda,SS14,equivalent
SS14(DB-4),ayurveda,SS14,equivalent
SR5Z€,ayurveda,SR5Z,equivalent
SR57(EA-1),ayurveda,SR57,equivalent
SM74(EA-2),ayurveda,SM74,equivalent
EA-2.2(SM74),ayurveda,SM74,equivalent
EA-2.2(SM74),ayurveda,SM74,equivalent
EA-2.3(SM74),ayurveda,SM74,equivalent
EA-2.4(SM74),ayurveda,SM74,equivalent
EA-2.4(SM74),ayurveda,SM74,equivalent
EA-2.5(SM74),ayurveda,SM74,equivalent
SL41(EA-3),ayurveda,SL41,equivalent
SL42(EA-4),ayurveda,SL42,equivalent
SL40(EA-4.5),ayurveda,SL40,equivalent
EA-4.5.1(SL40),ayurveda,SL40,equivalent
EA-4.5.2(SL40),ayurveda,SL40,equivalent
SL03(EA-5),ayurveda,SL03,equivalent
SR59(EB-1),ayurveda,SR59,equivalent
SM37(EB-2),ayurveda,SM37,equivalent
SM3B(EB-3),ayurveda,SM3B,equivalent
SM76(EB-3.7),ayurveda,SM76,equivalent
EB-3.8(SM34),ayurveda,SM34,equivalent
SM3C(EB-3.9),ayurveda,SM3C,equivalent
SM39(EB-4),ayurveda,SM39,equivalent
EB-4.1(SM39),ayurveda,SM39,equivalent
EB-4.1(SM39),ayurveda,SM39,equivalent
EB-4.2(SM39),ayurveda,SM39,equivalent
EB-4.2(SM39),ayurveda,SM39,equivalent
SM71(EB-5),ayurveda,SM71,equivalent
SM3L(EB-6),ayurveda,SM3L,equivalent
SM3J(EB-6.2),ayurveda,SM3J,equivalent
SM3K(EB-8),ayurveda,SM3K,equivalent
SM38(EB-9),ayurveda,SM38,equivalent
SM72(EB-9.4),ayurveda,SM72,equivalent
SM33(EB-10),ayurveda,SM33,equivalent
SM3F(EB-10.8),ayurveda,SM3F,equivalent
SM3D(EB-10.10),ayurveda,SM3D,equivalent
SM3E(EB-10.11),ayurveda,SM3E,equivalent
SM70(EB-10.15),ayurveda,SM70,equivalent
SM70(EB-10.15),ayurveda,SM70,equivalent
SM70(EB-10.15),ayurveda,SM70,equivalent
SM35(EB-11),ayurveda,SM35,equivalent
SM51(EB-12),ayurveda,SM51,equivalent
SR5A(EB-14),ayurveda,SR5A,equivalent
SL61(EC-2),ayurveda,SL61,equivalent
SP51(EC-3),ayurveda,SP51,equivalent
SP54(EC-3.2),ayurveda,SP54,equivalent
SP53(EC-3.3),ayurveda,SP53,equivalent
SP52(EC-3.4),ayurveda,SP52,equivalent
EC-3.5(SP5Y),ayurveda,SP5Y,equivalent
EC-3.6(SP5Y),ayurveda,SP5Y,equivalent
EC-3.7(SP5Y),ayurveda,SP5Y,equivalent
EC-3.8(SP5Y),ayurveda,SP5Y,equivalent
SP59(EC-3.9),ayurveda,SP59,equivalent
SP57(EC-3.10),ayurveda,SP57,equivalent
EC-3.10.1(SP57),ayurveda,SP57,equivalent
SP58(EC-3.10.2),ayurveda,SP58,equivalent
EC-3.10.3(SP57),ayurveda,SP57,equivalent
EC-3.10.4(SP57),ayurveda,SP57,equivalent
EC-3.10.4.1(SP57),ayurveda,SP57,equivalent
EC-3.10.4.2(SP57),ayurveda,SP57,equivalent
EC-3.10.4.3(SP57),ayurveda,SP57,equivalent
EC-3.10.5(SP57),ayurveda,SP57,equivalent
EC-3.10.5.1(SP57),ayurveda,SP57,equivalent
EC-3.10.5.3(SP57),ayurveda,SP57,equivalent
EC-3.10.6(SP57),ayurveda,SP57,equivalent
EC-3.11(SP57),ayurveda,SP5Y,equivalent
SN11(EC-4),ayurveda,SN11,equivalent
SR5D(EC-4.5),ayurveda,SR5D,equivalent
SL80(EC-5),ayurveda,SL80,equivalent
SP11(EC-6),ayurveda,SP11,equivalent
SR51(ED-1),ayurveda,SR51,equivalent
SP99(ED-2.2),ayurveda,SP99,equivalent
ED-2.4,ayurveda,SP97,equivalent
ED-2.5,ayurveda,SP9Y,equivalent
SN92(ED-2.9),ayurveda,SN92,equivalent
SQ01(ED-2.14),ayurveda,SQ01,equivalent
ED-2.19,ayurveda,SK00,equivalent
ED-2.20,ayurveda,SQ10,equivalent
SM41(ED-3),ayurveda,SM41,equivalent
ED-3.1(SM41),ayurveda,SM41,equivalent
ED-3.2(SM41),ayurveda,SM41,equivalent
ED-3.3(SM41),ayurveda,SM41,equivalent
ED-3.4(SM41),ayurveda,SM41,equivalent
ED-3.5(SM41),ayurveda,SM41,equivalent
ED-4.2.1(SN49),ayurveda,SN49,equivalent
ED-4.2.1(SN49),ayurveda,SN49,equivalent
ED-4.2.1(SN49),ayurveda,SN49,equivalent
ED-4.2.3(SN49),ayurveda,SN49,equivalent
ED-4.2.3(SN49),ayurveda,SN49,equivalent
ED-4.2.4(SN49),ayurveda,SN49,equivalent
ED-4.2.4(SN49),ayurveda,SN49,equivalent
ED-4.2.5(SN49),ayurveda,SN49,equivalent
ED-4.2.6(SN49),ayurveda,SN49,equivalent
SN4A(ED-4.2.7),ayurveda,SN4A,equivalent
ED-4.2.8,ayurveda,SN4J,equivalent
SN4B(ED-4.3.1),ayurveda,SN4B,equivalent
ED-4.3.2(SN5Y),ayurveda,SN5Y,equivalent
ED-4.3.3(SN4A),ayurveda,SN4A,equivalent
ED-4.3.4(SN9Y),ayurveda,SN9Y,equivalent
SN4U(ED-4.3.6),ayurveda,SN4U,equivalent
ED-4.3.7(SN5Y),ayurveda,SN5Y,equivalent
SN46(ED-4.3.8),ayurveda,SN46,equivalent
ED-4.3.9(SN5Y),ayurveda,SN5Y,equivalent
SN43 (ED-4.3.10),ayurveda,SN43,equivalent
ED-4.3.11(SN5Y),ayurveda,SN5Y,equivalent
SN49(ED-4.4),ayurveda,SN49,equivalent
ED-5(SN4D),ayurveda,SN4D,equivalent
SL81(ED-7),ayurveda,SL81,equivalent
ED-8(SP11),ayurveda,SP10,equivalent
ED-8.5.1(SP11),ayurveda,SP11,equivalent
ED-8.5.2(SP14),ayurveda,SP14,equivalent
ED-9,ayurveda,SP90,equivalent
SM56(ED-9.7.1),ayurveda,SM56,equivalent
SM80(ED-9.7.6),ayurveda,SM80,equivalent
SM40(ED-9.7.9),ayurveda,SM40,equivalent
ED-10 (SN5Y),ayurveda,SN5Y,equivalent
SN31 (ED-11),ayurveda,SN31,equivalent
SM44 (ED-12),ayurveda,SM44,equivalent
SM44 (ED-12),ayurveda,SM44,equivalent
SM01 (ED-13),ayurveda,SM01,equivalent
ED-14,ayurveda,SN4K,equivalent
ED-15,ayurveda,SN4K,equivalent
SM52 (ED-16),ayurveda,SM52,equivalent
ED-17,ayurveda,SP9Y,equivalent
ED-18 (SL8Y),ayurveda,SL8Y,equivalent
SN47 (ED-19),ayurveda,SN47,equivalent
ED-20,ayurveda,SP9Y,equivalent
ED-20.7 (SM01),ayurveda,SM01,equivalent
SR52 (EE-1),ayurveda,SR52,equivalent
SP72 (EE-2),ayurveda,SP72,equivalent
SM53 (EE-3),ayurveda,SM53,equivalent
EE-3.4 (SM53),ayurveda,SM53,equivalent
EE-3.4 (SM53),ayurveda,SM53,equivalent
EE-3.5 (SM53),ayurveda,SM53,equivalent
EE-3.6 (SM53),ayurveda,SM53,equivalent
EE-3.7 (SM53),ayurveda,SM53,equivalent
EE-3.7 (SM53),ayurveda,SM53,equivalent
EE-3.10 (SM53),ayurveda,SM53,equivalent
EE-3.13 (SM7Y),ayurveda,SM7Y,equivalent
SN06 (EE-3.14),ayurveda,SN06,equivalent
SK6S (EE-3.16),ayurveda,SK6S,equivalent
SP71 (EE-4),ayurveda,SP71,equivalent
SP70 (EE-4.4),ayurveda,SP70,equivalent
SL70 (EE-4.5),ayurveda,SL70,equivalent
SR53 (EF-1),ayurveda,SR53,equivalent
SM8D (EF-2),ayurveda,SM8D,equivalent
EF-2.2 (SM8D),ayurveda,SM8D,equivalent
EF-2.2.1 (SM8D),ayurveda,SM8D,equivalent
EF-2.2.2 (SM8D),ayurveda,SM8D,equivalent
EF-2.2.3 (SM8D),ayurveda,SM8D,equivalent
EF-2.2.4 (SM8D),ayurveda,SM8D,equivalent
EF-2.2.5 (SM8D),ayurveda,SM8D,equivalent
EF-2.2.6 (SM8D),ayurveda,SM8D,equivalent
EF-2.2.7 (SM8D),ayurveda,SM8D,equivalent
EF-2.2.8 (SM8D),ayurveda,SM8D,equivalent
EF-2.2.9 (SM8D),ayurveda,SM8D,equivalent
EF-2.2.10 (SM8D),ayurveda,SM8D,equivalent
EF-2.2.11 (SM8D),ayurveda,SM8D,equivalent
EF-2.2.12 (SM8D),ayurveda,SM8D,equivalent
EF-2.2.13 (SM8D),ayurveda,SM8D,equivalent
EF-2.2.14 (SM8D),ayurveda,SM8D,equivalent
EF-2.3 (SM8D),ayurveda,SM8D,equivalent
EF-2.3.1 (SM8D),ayurveda,SM8D,equivalent
EF-2.3.2 (SM8D),ayurveda,SM8D,equivalent
EF-2.3.2 (SM8D),ayurveda,SM8D,equivalent
EF-2.3.3 (SM8D),ayurveda,SM8D,equivalent
SM8A (EF-2.3.4),ayurveda,SM8A,equivalent
EF-2.3.5 (SM8D),ayurveda,SM8D,equivalent
EF-2.3.6 (SM8D),ayurveda,SM8D,equivalent
EF-2.3.7 (SM8D),ayurveda,SM8D,equivalent
EF-2.4 (SM8D),ayurveda,SM8D,equivalent
EF-2.4.1 (SM8D),ayurveda,SM8D,equivalent
EF-2.4.2 (SM8D),ayurveda,SM8D,equivalent
EF-2.4.3 (SM8D),ayurveda,SM8D,equivalent
EF-2.4.5 (SM8D),ayurveda,SM8D,equivalent
EF-2.5 (SN92),ayurveda,SN92,equivalent
SN04 (EF-2.5.6),ayurveda,SN04,equivalent
SP64 (EF-3),ayurveda,SP64,equivalent
SR5C (EF-5),ayurveda,SR5C,equivalent
SR54 (EG-1),ayurveda,SR54,equivalent
EG-2 (SP0Y),ayurveda,SP0Y,equivalent
SR55 (EH-1),ayurveda,SR55,equivalent
EH-2 (SP0Y),ayurveda,SP0Y,equivalent
SR56 (EI-1),ayurveda,SR56,equivalent
SN02 (EI-2),ayurveda,SN02,equivalent
EI-4 (SN00),ayurveda,SN00,equivalent
SP90 (EI-4.13),ayurveda,SP90,equivalent
SN30 (EI-5),ayurveda,SN30,equivalent
SN01 (EI-6),ayurveda,SN01,equivalent
EI-6.2 (SN3Y),ayurveda,SN3Y,equivalent
EI-6.3 (SN3Y),ayurveda,SN3Y,equivalent
EI-6.4 (SN3Y),ayurveda,SN3Y,equivalent
EI-6.5 (SN0Y),ayurveda,SN0Y,equivalent
EI-6.6 (SN0Y),ayurveda,SN0Y,equivalent
EI-6.7 (SN0Y),ayurveda,SN0Y,equivalent
SM3G (EI-6.8),ayurveda,SM3G,equivalent
EI-6.9 (SN0Y),ayurveda,SN0Y,equivalent
SR5B (EJ-1),ayurveda,SR5B,equivalent
SM8C (EJ-2),ayurveda,SM8C,equivalent
EJ-2.2 (SM8C),ayurveda,SM8C,equivalent
EJ-2.3 (SM8C),ayurveda,SM8C,equivalent
EJ-2.4 (SM8C),ayurveda,SM8C,equivalent
EJ-2.5 (SM8C),ayurveda,SM8C,equivalent
SM82 (EJ-3),ayurveda,SM81,equivalent
SM89 (EJ-3.1),ayurveda,SM89,equivalent
EJ-3.2 (SM82),ayurveda,SM82,equivalent
EJ-3.3 (SM88),ayurveda,SM88,equivalent
SM8E (EJ-3.4),ayurveda,SM8E,equivalent
EJ-3.5 (SM88),ayurveda,SM88,equivalent
SM8B (EJ-3.7),ayurveda,SM8B,equivalent
EJ-3.8 (SM87),ayurveda,SM87,equivalent
EJ-3.8 (SM87),ayurveda,SM87,equivalent
SM88 (EJ-3.9),ayurveda,SM88,equivalent
EJ-3.10 (SM8Y),ayurveda,SM8Y,equivalent
EJ-3.10 (SM8Y),ayurveda,SM8Y,equivalent
SN09 (EJ-3.11),ayurveda,SN09,equivalent
EJ-3.12 (SM52),ayurveda,SM52,equivalent
EJ-3.13 (SM82),ayurveda,SM82,equivalent
SM87 (EJ-4),ayurveda,SM87,equivalent
SP63 (EK-2),ayurveda,SP63,equivalent
SP92 (EK-3),ayurveda,SP92,equivalent
SM32 (EK-4),ayurveda,SM32,equivalent
SM32 (EK-4),ayurveda,SM32,equivalent
SM32 (EK-4),ayurveda,SM32,equivalent
EK-4.2 (SM32),ayurveda,SM32,equivalent
EK-4.3 (SM32),ayurveda,SM32,equivalent
EK-4.4 (SM32),ayurveda,SM32,equivalent
EK-4.5 (SM32),ayurveda,SM32,equivalent
SM42 (EK-4.6),ayurveda,SM42,equivalent
EK-4.7 (SM32),ayurveda,SM32,equivalent
EK-4.8 (SM32),ayurveda,SM32,equivalent
EK-4.8 (SM32),ayurveda,SM32,equivalent
EK-4.8 (SM32),ayurveda,SM32,equivalent
EK-4.10 (SM32),ayurveda,SM32,equivalent
EL-2.5 (SM9Y),ayurveda,SM9Y,equivalent
EL-2.6 (SM9Y),ayurveda,SM9Y,equivalent
EL-2.8 (SM94),ayurveda,SM94,equivalent
SM90 (EL-2.9),ayurveda,SM90,equivalent
SM90 (EL-2.9),ayurveda,SM90,equivalent
SM96 (EL-2.10),ayurveda,SM96,equivalent
SN12 (EL-2.12),ayurveda,SN12,equivalent
SM97 (EL-2.13),ayurveda,SM97,equivalent
SM9B (EL-2.14),ayurveda,SM9B,equivalent
SM91 (EL-2.15),ayurveda,SM91,equivalent
EL-2.17 (SM9A),ayurveda,SM9A,equivalent
EL-2.17 (SM9A),ayurveda,SM9A,equivalent
EL-2.19 (SM9A),ayurveda,SM9A,equivalent
EL-2.19 (SM9A),ayurveda,SM9A,equivalent
SM9A (EL-2.20),ayurveda,SM9A,equivalent
SM9A (EL-2.20),ayurveda,SM9A,equivalent
EL-2.22 (SM94),ayurveda,SM94,equivalent
SM94 (EL-2.24),ayurveda,SM94,equivalent
EL-2.26 (SM9Y),ayurveda,SM9Y,equivalent
EL-2.26 (SM9Y),ayurveda,SM9Y,equivalent
SM92 (EL-2.27),ayurveda,SM92,equivalent
SM99 (EL-2.28),ayurveda,SM99,equivalent
SM98 (EL-4),ayurveda,SM98,equivalent
SM98 (EL-4),ayurveda,SM98,equivalent
SM93 (EL-5),ayurveda,SM93,equivalent
EL-9 (SN1Y),ayurveda,SN1Y,equivalent
SM9C (EL-9.1),ayurveda,SM9C,equivalent
SR5E (EM-1),ayurveda,SR5E,equivalent
SQ03 (EM-2),ayurveda,SQ03,equivalent
SQ41 (EM-2.3),ayurveda,SQ41,equivalent
SQ04 (EM-2.4),ayurveda,SQ04,equivalent
SK31 (EM-3),ayurveda,SK31,equivalent
EM-4 (SQ0Y),ayurveda,SQ0Y,equivalent
EM-4 (SQ0Y),ayurveda,SQ0Y,equivalent
SQ20 (EM-5),ayurveda,SQ20,equivalent
SQ20 (EM-5),ayurveda,SQ20,equivalent
EM-6 (SQ2Y),ayurveda,SQ2Y,equivalent
SP98 (EM-7),ayurveda,SP98,equivalent
EM-7.2 (SP98),ayurveda,SP98,equivalent
EM-7.3 (SP98),ayurveda,SP98,equivalent
EM-7.4 (SP98),ayurveda,SP98,equivalent
EM-7.5 (SP98),ayurveda,SP98,equivalent
EM-7.6 (SP98),ayurveda,SP98,equivalent
EM-7.7 (SP98),ayurveda,SP98,equivalent
EM-7.8 (SP98),ayurveda,SP98,equivalent
EM-7.9 (SP98),ayurveda,SP98,equivalent
SQ10 (EM-9),ayurveda,SQ10,equivalent
SK10 (EM-11),ayurveda,SK10,equivalent
F-6 (SK00),ayurveda,SK00,equivalent
F-7 (SK00),ayurveda,SK00,equivalent
SK01 (F-8),ayurveda,SK01,equivalent
F-9 (SK00),ayurveda,SK00,equivalent
F-10 (SK00),ayurveda,SK00,equivalent
F-11 (SK52),ayurveda,SK52,equivalent
F-12 (SK00),ayurveda,SK00,equivalent
SK50 (FA),ayurveda,SK50,equivalent
SN73 (FA-2),ayurveda,SN73,equivalent
SN71 (FA-3),ayurveda,SN71,equivalent
SN91 (FA-4),ayurveda,SN91,equivalent
FA-6 (SK50),ayurveda,SK50,equivalent
FA-7 (SP9Y),ayurveda,SP9Y,equivalent
SM1M (GA-1),ayurveda,SM1M,equivalent
SM1K  (GA-2),ayurveda,SM1K,equivalent
SM1L (GA-3),ayurveda,SM1L,equivalent
GA-8 (SM1K),ayurveda,SM1K,equivalent
GA-8 (SM1K),ayurveda,SM1K,equivalent
GA-10 (SM1Y),ayurveda,SM1Y,equivalent
GB-1 (SM1Y),ayurveda,SM1Y,equivalent
GB-2 (SM1Y),ayurveda,SM1Y,equivalent
SM13 (GB-3),ayurveda,SM13,equivalent
GB-4 (SM11),ayurveda,SM11,equivalent
GB-5 (SM11),ayurveda,SM11,equivalent
SM1B (GB-6),ayurveda,SM1B,equivalent
SM14 (GB-7),ayurveda,SM14,equivalent
GB-10 (SM1Y),ayurveda,SM1Y,equivalent
GB-11 (SM1Y),ayurveda,SM1Y,equivalent
GB-12 (SM1E),ayurveda,SM1E,equivalent
SM1A (GC-1),ayurveda,SM1A,equivalent
SM1E (GC-2),ayurveda,SM1E,equivalent
SM1J (GC-3),ayurveda,SM1J,equivalent
SM1F (GC-5),ayurveda,SM1F,equivalent
GC-6 (SM1E),ayurveda,SM1E,equivalent
SM1G (GC-7),ayurveda,SM1G,equivalent
SM1H (GC-9),ayurveda,SM1H,equivalent
SM11 (GC-10),ayurveda,SM11,equivalent
GD-4 (SM1Y),ayurveda,SM1Y,equivalent
SM1C  (GD-5),ayurveda,SM1C,equivalent
GD-6 (SP9Y),ayurveda,SP9Y,equivalent
SM18 (GE-1),ayurveda,SM18,equivalent
SM19 (GE-2),ayurveda,SM19,equivalent
SL06 (GE-3),ayurveda,SL06,equivalent
SM17 (GE-4),ayurveda,SM17,equivalent
GE-6 (SM1Y),ayurveda,SM1Y,equivalent
GE-8 (SM1Y),ayurveda,SM1Y,equivalent
GE-11 (SM1Y),ayurveda,SM1Y,equivalent
GE-11 (SM1Y),ayurveda,SM1Y,equivalent
GE-12 (SP9Y),ayurveda,SP9Y,equivalent
SL04 (GF-1),ayurveda,SL04,equivalent
SK9A (GF-2),ayurveda,SK9A,equivalent
GF-3 (SL00),ayurveda,SL00,equivalent
SL05 (GF-4),ayurveda,SL05,equivalent
SL01 (GF-7),ayurveda,SL01,equivalent
GF-9 (SL0Y),ayurveda,SL0Y,equivalent
GF-10 (SL05),ayurveda,SL05,equivalent
GF-11 (SL03),ayurveda,SL03,equivalent
GF-12 (SL00),ayurveda,SL00,equivalent
GF-13 (SL0Y),ayurveda,SL0Y,equivalent
SM00 (GF-14),ayurveda,SM00,equivalent
SL00 (GF-15),ayurveda,SL00,equivalent
GF-16 (SL2Y),ayurveda,SL2Y,equivalent
SL08 (GF-17),ayurveda,SL08,equivalent
GF-18 (SL08),ayurveda,SL08,equivalent
GF-19 (SL0Y),ayurveda,SL0Y,equivalent
GG (SM1Y),ayurveda,SM1Y,equivalent
SK68 (HA-1),ayurveda,SK68,equivalent
HA-2 (SK7Y),ayurveda,SK7Y,equivalent
SK6D (HA-3),ayurveda,SK6D,equivalent
HA-4 (SK66),ayurveda,SK66,equivalent
HA-5 (SK7Y),ayurveda,SK7Y,equivalent
HA-6 (SK62 ),ayurveda,SK62,equivalent
HB-1 (SK7Y),ayurveda,SK7Y,equivalent
SK69 (HB-2),ayurveda,SK69,equivalent
SK6U (HB-3),ayurveda,SK6U,equivalent
HB-5 (SK6U),ayurveda,SK6U,equivalent
SK6P (HB-7),ayurveda,SK6P,equivalent
HB-8 (SK7Y),ayurveda,SK7Y,equivalent
SK62 (HB-9),ayurveda,SK62,equivalent
HB-10 (SK7Y),ayurveda,SK7Y,equivalent
HB-11 (SK7Y),ayurveda,SK7Y,equivalent
SK6K (HB-12),ayurveda,SK6K,equivalent
HB-14 (SK66),ayurveda,SK66,equivalent
HB-15 (SK7Y),ayurveda,SK7Y,equivalent
SK6F (HB-16),ayurveda,SK6F,equivalent
SK6J (HB-17),ayurveda,SK6J,equivalent
SK6H (HB-18),ayurveda,SK6H,equivalent
SK6N (HB-19),ayurveda,SK6N,equivalent
HB-21 (SK7Y),ayurveda,SK7Y,equivalent
HB-23 (SK7Y),ayurveda,SK7Y,equivalent
HB-24 (SK7Y),ayurveda,SK7Y,equivalent
SK6M (HB-25),ayurveda,SK6M,equivalent
HB-26 (SK7Y),ayurveda,SK7Y,equivalent
HB-26 (SK7Y),ayurveda,SK7Y,equivalent
SK6E (HC-1),ayurveda,SK6E,equivalent
SK6E (HC-1),ayurveda,SK6E,equivalent
SK6Q (HC-2),ayurveda,SK6Q,equivalent
SK6C (HD-1),ayurveda,SK6C,equivalent
HD-2 (SK6C),ayurveda,SK6C,equivalent
HD-3 (SK6C),ayurveda,SK6C,equivalent
HD-3 (SK6C),ayurveda,SK6C,equivalent
HD-4 (SK7Y),ayurveda,SK7Y,equivalent
HD-5 (SK66),ayurveda,SK66,equivalent
HD-8 (SK7Y),ayurveda,SK7Y,equivalent
SK6T (HD-10),ayurveda,SK6T,equivalent
SK6T (HD-10),ayurveda,SK6T,equivalent
SK67 (HE),ayurveda,SK67,equivalent
HE-1 (SK67),ayurveda,SK67,equivalent
SK6V (HE-2),ayurveda,SK6V,equivalent
HE-3 (SK67),ayurveda,SK67,equivalent
HE-5 (SK7Y),ayurveda,SK7Y,equivalent
SK66 (HF-1),ayurveda,SK66,equivalent
SK6W (HF-3),ayurveda,SK6W,equivalent
SK6R (HF-4),ayurveda,SK6R,equivalent
SK6X (HF-5),ayurveda,SK6X,equivalent
HF-6 (SK7Y),ayurveda,SK7Y,equivalent
SK6A (HF-7),ayurveda,SK6A,equivalent
HF-8 (SK7Y),ayurveda,SK7Y,equivalent
HF-9 (SK7Y),ayurveda,SK7Y,equivalent
HF-9 (SK7Y),ayurveda,SK7Y,equivalent
HF-10 (SK60 ),ayurveda,SK60,equivalent
SK60 (HF-11),ayurveda,SK60,equivalent
SK60 (HF-11),ayurveda,SK60,equivalent
HG-1 (SK65),ayurveda,SK65,equivalent
SK65 (HG-2),ayurveda,SK65,equivalent
HG-2.4 (SK65),ayurveda,SK65,equivalent
HG-2.5 (SK65),ayurveda,SK65,equivalent
HG-3 (SK7Y),ayurveda,SK7Y,equivalent
SK63 (HG-4),ayurveda,SK63,equivalent
SK63 (HG-4),ayurveda,SK63,equivalent
HG-7 (SK7Y),ayurveda,SK7Y,equivalent
HG-7 (SK7Y),ayurveda,SK7Y,equivalent
HG-8 (SK7Y),ayurveda,SK7Y,equivalent
HG-8 (SK7Y),ayurveda,SK7Y,equivalent
HG-9 (SK7Y),ayurveda,SK7Y,equivalent
HG-10 (SK7Y),ayurveda,SK7Y,equivalent
HG-11 (SK7Y),ayurveda,SK7Y,equivalent
HG-12 (SK7Y),ayurveda,SK7Y,equivalent
SK95 (I-1),ayurveda,SK95,equivalent
SK95 (I-1),ayurveda,SK95,equivalent
SL20 (I-2),ayurveda,SL20,equivalent
SK93 (I-3),ayurveda,SK93,equivalent
SK97 (I-4),ayurveda,SK97,equivalent
SK97 (I-4),ayurveda,SK97,equivalent
SK96 (I-5),ayurveda,SK96,equivalent
SK96 (I-5),ayurveda,SK96,equivalent
I-6 (SK95),ayurveda,SK95,equivalent
I-7 (SK95),ayurveda,SK95,equivalent
I-7 (SK95),ayurveda,SK95,equivalent
I-8 (SK9Y),ayurveda,SK9Y,equivalent
I-9 (SK9Y),ayurveda,SK9Y,equivalent
I-10 (SK95),ayurveda,SK95,equivalent
I-10 (SK95),ayurveda,SK95,equivalent
SK98 (I-11),ayurveda,SK98,equivalent
I-13 (SK9Y),ayurveda,SK9Y,equivalent
I-14 (SK96),ayurveda,SK96,equivalent
SK90 (I-15),ayurveda,SK90,equivalent
SK94 (I-16),ayurveda,SK94,equivalent
SK92 (I-17),ayurveda,SK92,equivalent
I-18 (SL20),ayurveda,SL20,equivalent
J-1 (SK8Y),ayurveda,SK8Y,equivalent
J-1 (SK8Y),ayurveda,SK8Y,equivalent
J-2 (SK8Y),ayurveda,SK8Y,equivalent
J-3 (SK8Y),ayurveda,SK8Y,equivalent
J-4 (SK8Y),ayurveda,SK8Y,equivalent
J-4 (SK8Y),ayurveda,SK8Y,equivalent
J-5 (SK8Y),ayurveda,SK8Y,equivalent
J-5 (SK8Y),ayurveda,SK8Y,equivalent
SK83 (J-6),ayurveda,SK83,equivalent
J-7 (SK86),ayurveda,SK86,equivalent
SK85 (J-8),ayurveda,SK85,equivalent
SK86 (J-9),ayurveda,SK86,equivalent
SK86 (J-9),ayurveda,SK86,equivalent
J-10 (SK88),ayurveda,SK88,equivalent
J-11 (SK8Y),ayurveda,SK8Y,equivalent
SK80 (J-12),ayurveda,SK80,equivalent
SK88 (J-13),ayurveda,SK88,equivalent
SK88 (J-13),ayurveda,SK88,equivalent
SK82 (J-14),ayurveda,SK82,equivalent
J-15 (SK8Y),ayurveda,SK8Y,equivalent
J-16 (SK8Y),ayurveda,SK8Y,equivalent
J-17 (SK8Y),ayurveda,SK8Y,equivalent
J-18 (SK88),ayurveda,SK88,equivalent
SK81 (J-19),ayurveda,SK81,equivalent
SK87 (J-20),ayurveda,SK87,equivalent
JA-1 (SK8Y),ayurveda,SK8Y,equivalent
JA-5 (SK8Y),ayurveda,SK8Y,equivalent
SK89 (JA-6),ayurveda,SK89,equivalent
JA-9 (SK8Y),ayurveda,SK8Y,equivalent
SN4W (K),ayurveda,SN4W,equivalent
SP5A (KA),ayurveda,SP5A,equivalent
K-1 (SN9Y),ayurveda,SN9Y,equivalent
SL71 (K-12),ayurveda,SL71,equivalent
K-14 (SN9Y),ayurveda,SN9Y,equivalent
K-15,ayurveda,SK30,equivalent
ST20(LD),ayurveda,ST20,equivalent
LD-14,ayurveda,SM01,equivalent
LF-1 (SN9Y),ayurveda,SN9Y,equivalent
MA (SN1Y),ayurveda,SN1Y,equivalent
SR03 (MB-2),ayurveda,SR03,equivalent
MD-1 (SM1Y),ayurveda,SM1Y,equivalent
MD-1 (SM1Y),ayurveda,SM1Y,equivalent
SM12 (MD-2),ayurveda,SM12,equivalent
SM16 (MD-6),ayurveda,SM16,equivalent
SM16 (MD-6),ayurveda,SM16,equivalent
SM54 (MD-7),ayurveda,SM54,equivalent
SM54 (MD-7),ayurveda,SM54,equivalent
MD-8 (SK50),ayurveda,SK50,equivalent
MD-9 (SK9A),ayurveda,SK9A,equivalent
SR05 (MD-10),ayurveda,SR05,equivalent
SP9A (MD-11),ayurveda,SP9A,equivalent
SR00 (MD-12),ayurveda,SR00,equivalent
SR01 (MD-13),ayurveda,SR01,equivalent
SR04 (MD-14),ayurveda,SR04,equivalent
MD-16 (SN5Y),ayurveda,SN5Y,equivalent
MD-17 (SR0Y),ayurveda,SR0Y,equivalent
SM73 (MD-18),ayurveda,SM73,equivalent
MD-20 (SM0Y),ayurveda,SM0Y,equivalent
MD-21 (SN3Y),ayurveda,SN3Y,equivalent
MD-22,ayurveda,SK22,equivalent
SQ50 (N),ayurveda,SQ50,equivalent
SQ50 (N),ayurveda,SQ50,equivalent
NB-2.2 (SM3Y),ayurveda,SM3Y,equivalent
NB-3 (SQ50),ayurveda,SQ50,equivalent
O-2 (SN5Y),ayurveda,SN5Y,equivalent
O-3 (SP9Y),ayurveda,SP9Y,equivalent
O-5 (SN0Y),ayurveda,SN0Y,equivalent
SN48 (O-6),ayurveda,SM1Y,equivalent
SN70 (O-7),ayurveda,SN70,equivalent
O-8 (SN5Y),ayurveda,SN5Y,equivalent
O-9 (SN5Y),ayurveda,SN5Y,equivalent
SN4L (O-10),ayurveda,SN4L,equivalent
O-11 (SN5Y),ayurveda,SN5Y,equivalent
SN4T (O-12),ayurveda,SN4T,equivalent
O-13 (SN9Y),ayurveda,SN9Y,equivalent
O-14 (SN9Y),ayurveda,SN9Y,equivalent
O-15 (SN6Y),ayurveda,SN6Y,equivalent
O-17 (SN5Y),ayurveda,SN5Y,equivalent
SM55 (O-18),ayurveda,SM55,equivalent
SN4S (O-19),ayurveda,SN4S,equivalent
SN4F (O-21),ayurveda,SN4F,equivalent
O-22 (SM0Y),ayurveda,SM0Y,equivalent
SN4E (O-23),ayurveda,SN4E,equivalent
SN4E (O-23),ayurveda,SN4E,equivalent
O-24 (SN5Y),ayurveda,SN5Y,equivalent
SN0A (O-25),ayurveda,SN0A,equivalent
O-26 (SN41),ayurveda,SN41,equivalent
SK54 (O-28),ayurveda,SK54,equivalent
O-29 (SN5Y),ayurveda,SN5Y,equivalent
O-30 (SN0A),ayurveda,SN0A,equivalent
SM1D (O-32),ayurveda,SM1D,equivalent
O-33,ayurveda,SN4H,equivalent
O-34 (SN5Y),ayurveda,SN5Y,equivalent
SN4V (O-35),ayurveda,SN4V,equivalent
SN4N (O-36),ayurveda,SN4N,equivalent
O-37 (SN5Y),ayurveda,SN5Y,equivalent
SN40 (O-38),ayurveda,SN40,equivalent
SN90 (O-39),ayurveda,SN90,equivalent
O-40 (SN5Y),ayurveda,SN5Y,equivalent
O-41 (SN5Y),ayurveda,SN5Y,equivalent
SN4G (O-42),ayurveda,SN4G,equivalent
O-43 (SP9Y),ayurveda,SP9Y,equivalent
O-44 (SN5Y),ayurveda,SM9A,equivalent
O-45 (SN5Y),ayurveda,SN5Y,equivalent
SN4P (O-46),ayurveda,SN4P,equivalent
O-47 (SN40),ayurveda,SN40,equivalent
O-48 (SP71),ayurveda,SP71,equivalent
O-49 (SM5Y),ayurveda,SM5Y,equivalent
O-50 (SN5Y),ayurveda,SN5Y,equivalent
O-51,ayurveda,SP96,equivalent
SM3H (O-52),ayurveda,SM3H,equivalent
O-53 (SP9Y),ayurveda,SP9Y,equivalent
P,ayurveda,SQ6Y,equivalent
PC (SQ6Y),ayurveda,SQ6Y,equivalent
PC-9 (SQ6Y),ayurveda,SQ6Y,equivalent
PE (SQ6Y),ayurveda,SQ6Y,equivalent
SQ60 (PE-1.17),ayurveda,SQ60,equivalent
SQ61 (PE-4.8),ayurveda,SQ61,equivalent
BCA,siddha,SP9Y,equivalent
SQ80 (Q-1),ayurveda,SQ80,equivalent
Q-4 (SQ2Y),ayurveda,SQ2Y,equivalent
Q-7 (SQ2Y),ayurveda,SQ2Y,equivalent
Q-8 (SQ2Y),ayurveda,SQ2Y,equivalent
Q-9 (SQ2Y),ayurveda,SQ2Y,equivalent
Q-11 (SQ2Y),ayurveda,SQ2Y,equivalent
Q-12 (SQ2Y),ayurveda,SQ2Y,equivalent
R (SQ8Y),ayurveda,SQ8Y,equivalent
SQ24 (RA-1),ayurveda,SQ24,equivalent
SQ24 (RA-1),ayurveda,SQ24,equivalent
RA-2 (SQ2Y),ayurveda,SQ2Y,equivalent
RA-4 (SQ2Y),ayurveda,SQ2Y,equivalent
RB (SQ8Y),ayurveda,SQ8Y,equivalent
RB-1 (SQ8Y),ayurveda,SQ8Y,equivalent
SS2E (RD-1),ayurveda,SS2E,equivalent
SS28 (RD-2),ayurveda,SS28,equivalent
SS29 (RD-3),ayurveda,SS29,equivalent
SS21 (RD-5),ayurveda,SS21,equivalent
SS27 (RD-6),ayurveda,SS27,equivalent
SS25 (RD-7),ayurveda,SS25,equivalent
SS26 (RD-8),ayurveda,SS26,equivalent
SS2A (RD-9),ayurveda,SS2A,equivalent
SS2B (RD-10),ayurveda,SS2B,equivalent
SS23 (RD-11),ayurveda,SS23,equivalent
SS2D (RD-12),ayurveda,SS2D,equivalent
SS2C (RD-14),ayurveda,SS2C,equivalent
RE-2 (SN3Y),ayurveda,SN3Y,equivalent
RF (SQ8Y),ayurveda,SQ8Y,equivalent
RF-1 (SQ8Y),ayurveda,SQ8Y,equivalent
RF-1 (SQ8Y),ayurveda,SQ8Y,equivalent
RF-2 (SQ8Y),ayurveda,SQ8Y,equivalent
SS50 (VA-1),ayurveda,SS50,equivalent
SS51 (VA-2),ayurveda,SS51,equivalent
SS52 (VA-3),ayurveda,SS52,equivalent
SS53 (VA-4),ayurveda,SS53,equivalent
SS54 (VA-5),ayurveda,SS54,equivalent
SS55 (VA-6),ayurveda,SS55,equivalent
SS56  (VA-7),ayurveda,SS56,equivalent
SS56  (VA-7),ayurveda,SS56,equivalent
VE-2 (SS61),ayurveda,SS61,equivalent
VE-3 (SS62),ayurveda,SS62,equivalent
VE-3.3 (SS62),ayurveda,SS62,equivalent
VF-2,ayurveda,SS82,equivalent
